module,function,write_pattern,target_expr,line,artifact_family_guess,hygiene_call_site,in_output_hygiene_module,in_export_manager_module,in_artifact_registry_module,module_imports_output_hygiene,module_imports_export_manager,module_imports_artifact_registry,contains_latest,likely_role,recommended_action
src/obsidiandroid/diagnostics/contract_and_taxonomy_reports.py,write_taxonomy_type_authority_reports,pathlib_write_text,diagnostics_dir / 'taxonomy_type_authority_review.latest.csv',260,labeling_taxonomy,N,N,N,N,N,N,N,Y,operator_mirror_candidate,confirm_global_latest_only_or_mirror_helper
src/obsidiandroid/diagnostics/contract_and_taxonomy_reports.py,write_taxonomy_type_authority_reports,pathlib_write_text,diagnostics_dir / 'taxonomy_type_authority_review.latest.md',263,labeling_taxonomy,N,N,N,N,N,N,N,Y,operator_mirror_candidate,confirm_global_latest_only_or_mirror_helper
src/obsidiandroid/diagnostics/research_validity/signal_export.py,write_signal_decomposition_artifacts,pathlib_write_text,diagnostics_dir / 'vendor_leakage_delta.csv',31,vendor_parser,N,N,N,N,N,N,N,N,diagnostics_or_global_operator,review_path_policy
src/obsidiandroid/diagnostics/research_validity/signal_export.py,write_signal_decomposition_artifacts,pathlib_write_text,diagnostics_dir / 'feature_set_model_comparison.csv',34,feature_diagnostics,N,N,N,N,N,N,N,N,diagnostics_or_global_operator,review_path_policy
src/obsidiandroid/modeling/model_trainer_factory.py,_export_split_audit,output_hygiene_public_api,"oh.mirror_csv_text_run_then_global(diagnostics_dir=out_dir, run_filename=headline_path_name, csv_text=audit_csv, global_latest_name='split_freeze_headline.latest.csv')",394,split_ledger,Y,N,N,N,Y,N,N,Y,operator_mirror_candidate,keep_internal_hygiene
src/obsidiandroid/modeling/model_trainer_factory.py,_export_split_audit,output_hygiene_public_api,"oh.mirror_csv_text_run_then_global(diagnostics_dir=out_dir, run_filename=legacy_audit_name, csv_text=audit_csv, global_latest_name='split_freeze_audit.latest.csv')",401,split_ledger,Y,N,N,N,Y,N,N,Y,operator_mirror_candidate,keep_internal_hygiene
src/obsidiandroid/orchestration/runtime_reporting.py,export_aligned_training_cache,output_hygiene_public_api,"oh.write_global_latest_pointer(filename='aligned_features.latest.pointer.json', payload={'run_id': rid, 'canonical_relative_path': str(feature_path.resolve()), 'canonical_label_relative_path': str(label_path.resolve())})",114,feature_diagnostics,Y,N,N,N,Y,N,N,Y,operator_mirror_candidate_in_run_tree,keep_internal_hygiene
src/obsidiandroid/orchestration/runtime_reporting.py,enforce_duplicate_sha_policy,output_hygiene_public_api,"oh.mirror_csv_text_run_then_global(diagnostics_dir=diagnostics_dir, run_filename=f'duplicate_sha256_report_{run_id}.csv', csv_text=csv_text, global_latest_name='duplicate_sha256_report.latest.csv')",185,other,Y,N,N,N,Y,N,N,Y,operator_mirror_candidate_in_run_tree,keep_internal_hygiene
src/obsidiandroid/orchestration/runtime_reporting.py,export_and_print_run_summary,output_hygiene_public_api,"oh.write_global_latest_text(filename='run_health_summary.latest.json', text=encoded)",629,other,Y,N,N,N,Y,N,N,Y,operator_mirror_candidate,keep_internal_hygiene
src/obsidiandroid/pipeline/manifest/stage_manifest_artifacts.py,write_promoted_latest_run_pointer,pathlib_write_text,promoted_root / 'latest_run.txt',82,other,N,N,N,N,N,N,N,N,unknown_or_mixed,review_path_policy
src/obsidiandroid/pipeline/manifest/stage_manifest_artifacts.py,write_promoted_latest_run_pointer,pathlib_write_text,promoted_root / 'latest_run_manifest.json',83,run_manifest,N,N,N,N,N,N,N,N,unknown_or_mixed,review_path_policy
src/obsidiandroid/pipeline/manifest/stage_manifest_writers.py,write_run_summary_json,pathlib_write_text,run_summary_path,129,run_manifest,N,N,N,N,Y,N,N,N,unknown_or_mixed,review_path_policy
src/obsidiandroid/pipeline/manifest/stage_manifest_writers.py,write_run_summary_json,pathlib_write_text,run_summary_run_path,130,run_manifest,N,N,N,N,Y,N,N,N,unknown_or_mixed,review_path_policy
src/obsidiandroid/pipeline/manifest/stage_manifest_writers.py,write_run_summary_json,output_hygiene_public_api,"oh.write_global_latest_text(filename='run_summary.latest.json', text=encoded)",132,run_manifest,Y,N,N,N,Y,N,N,Y,operator_mirror_candidate,keep_internal_hygiene
src/obsidiandroid/pipeline/manifest/stage_manifest_writers.py,write_run_summary_json,pathlib_write_text,run_summary_latest_path,135,run_manifest,N,N,N,N,Y,N,N,N,unknown_or_mixed,review_path_policy
src/obsidiandroid/pipeline/runner_stage_control.py,PipelineRunStageControl.attach_runtime_timing_context,output_hygiene_public_api,"oh.mirror_csv_text_run_then_global(diagnostics_dir=Path(diag), run_filename=f'pipeline_stage_timings_{self.run_id}.csv', csv_text=timings_csv, global_latest_name='pipeline_stage_timings.latest.csv')",167,other,Y,N,N,N,Y,N,N,Y,operator_mirror_candidate_in_run_tree,keep_internal_hygiene
src/obsidiandroid/pipeline/sample_exports.py,export_cohort_filter_contract,output_hygiene_public_api,"oh.write_global_latest_text(filename='cohort_filter_contract.latest.json', text=payload)",67,cohort_samples,Y,N,N,N,Y,N,N,Y,operator_mirror_candidate,keep_internal_hygiene
src/obsidiandroid/pipeline/sample_exports.py,export_cohort_filter_contract,output_hygiene_public_api,"oh.mirror_csv_text_run_then_global(diagnostics_dir=out_dir, run_filename=f'cohort_gate_counts_{run_id}.csv', csv_text=gate_csv_text, global_latest_name='cohort_gate_counts.latest.csv')",74,cohort_samples,Y,N,N,N,Y,N,N,Y,operator_mirror_candidate_in_run_tree,keep_internal_hygiene
src/obsidiandroid/pipeline/stage_ablation.py,run_ablation_experiments,output_hygiene_public_api,"oh.mirror_csv_text_run_then_global(diagnostics_dir=out_dir, run_filename=summary_run_basename, csv_text=sum_csv, global_latest_name=global_latest_name)",783,other,Y,N,N,N,Y,N,N,N,diagnostics_or_global_operator,keep_internal_hygiene
src/obsidiandroid/pipeline/stage_ablation.py,run_ablation_experiments,output_hygiene_public_api,"oh.mirror_csv_text_run_then_global(diagnostics_dir=out_dir, run_filename=pf_basename, csv_text=pf_csv, global_latest_name=pf_latest)",807,other,Y,N,N,N,Y,N,N,N,diagnostics_or_global_operator,keep_internal_hygiene
src/obsidiandroid/reporting/high_score_skeptic_audits.py,write_headline_score_scope,pathlib_write_text,diagnostics_dir / 'headline_score_scope.json',84,other,N,N,N,N,N,N,N,N,diagnostics_or_global_operator,review_path_policy
src/obsidiandroid/reporting/high_score_skeptic_audits.py,write_headline_score_scope,pathlib_write_text,diagnostics_dir / 'headline_score_scope.md',112,other,N,N,N,N,N,N,N,N,diagnostics_or_global_operator,review_path_policy
src/obsidiandroid/reporting/high_score_skeptic_audits.py,write_high_score_audit,pathlib_write_text,diagnostics_dir / 'high_score_audit.json',186,other,N,N,N,N,N,N,N,N,diagnostics_or_global_operator,review_path_policy
src/obsidiandroid/reporting/high_score_skeptic_audits.py,write_high_score_audit,pathlib_write_text,diagnostics_dir / 'high_score_audit.md',216,other,N,N,N,N,N,N,N,N,diagnostics_or_global_operator,review_path_policy
src/obsidiandroid/reporting/high_score_skeptic_audits.py,write_false_attribution_audit,pandas_to_csv,diagnostics_dir / 'false_positive_by_predicted_family.csv',357,other,N,N,N,N,N,N,N,N,diagnostics_or_global_operator,review_path_policy
src/obsidiandroid/reporting/high_score_skeptic_audits.py,write_false_attribution_audit,pandas_to_csv,diagnostics_dir / 'false_negative_by_true_family.csv',358,other,N,N,N,N,N,N,N,N,diagnostics_or_global_operator,review_path_policy
src/obsidiandroid/reporting/high_score_skeptic_audits.py,write_false_attribution_audit,pandas_to_csv,diagnostics_dir / 'top_confusion_pairs.csv',359,confusion_matrix,N,N,N,N,N,N,N,N,diagnostics_or_global_operator,review_path_policy
src/obsidiandroid/reporting/high_score_skeptic_audits.py,write_false_attribution_audit,pandas_to_csv,diagnostics_dir / 'high_confidence_wrong_predictions.csv',361,other,N,N,N,N,N,N,N,N,diagnostics_or_global_operator,review_path_policy
src/obsidiandroid/reporting/high_score_skeptic_audits.py,write_false_attribution_audit,pandas_to_csv,diagnostics_dir / 'high_confidence_wrong_predictions.csv',363,other,N,N,N,N,N,N,N,N,diagnostics_or_global_operator,review_path_policy
src/obsidiandroid/reporting/high_score_skeptic_audits.py,write_false_attribution_audit,pathlib_write_text,diagnostics_dir / 'false_attribution_audit.json',374,other,N,N,N,N,N,N,N,N,diagnostics_or_global_operator,review_path_policy
src/obsidiandroid/reporting/high_score_skeptic_audits.py,write_false_attribution_audit,pathlib_write_text,diagnostics_dir / 'false_attribution_audit.md',388,other,N,N,N,N,N,N,N,N,diagnostics_or_global_operator,review_path_policy
src/obsidiandroid/reporting/high_score_skeptic_audits.py,_write_false_attribution_empty,pathlib_write_text,diagnostics_dir / 'false_attribution_audit.json',393,other,N,N,N,N,N,N,N,N,diagnostics_or_global_operator,review_path_policy
src/obsidiandroid/reporting/high_score_skeptic_audits.py,_write_false_attribution_empty,pathlib_write_text,diagnostics_dir / 'false_attribution_audit.md',396,other,N,N,N,N,N,N,N,N,diagnostics_or_global_operator,review_path_policy
src/obsidiandroid/reporting/high_score_skeptic_audits.py,_write_false_attribution_empty,pandas_to_csv,diagnostics_dir / name,405,other,N,N,N,N,N,N,N,N,diagnostics_or_global_operator,review_path_policy
src/obsidiandroid/reporting/high_score_skeptic_audits.py,write_split_contamination_audit._write_empty_split_artifacts,pathlib_write_text,diagnostics_dir / 'split_contamination_audit.json',444,other,N,N,N,N,N,N,N,N,diagnostics_or_global_operator,review_path_policy
src/obsidiandroid/reporting/high_score_skeptic_audits.py,write_split_contamination_audit._write_empty_split_artifacts,pathlib_write_text,diagnostics_dir / 'split_contamination_audit.md',447,other,N,N,N,N,N,N,N,N,diagnostics_or_global_operator,review_path_policy
src/obsidiandroid/reporting/high_score_skeptic_audits.py,write_split_contamination_audit._write_empty_split_artifacts,pandas_to_csv,diagnostics_dir / 'train_test_package_overlap.csv',451,other,N,N,N,N,N,N,N,N,diagnostics_or_global_operator,review_path_policy
src/obsidiandroid/reporting/high_score_skeptic_audits.py,write_split_contamination_audit._write_empty_split_artifacts,pandas_to_csv,diagnostics_dir / 'train_test_family_package_overlap.csv',454,other,N,N,N,N,N,N,N,N,diagnostics_or_global_operator,review_path_policy
src/obsidiandroid/reporting/high_score_skeptic_audits.py,write_split_contamination_audit,pathlib_write_text,diagnostics_dir / 'split_contamination_audit.json',535,other,N,N,N,N,N,N,N,N,diagnostics_or_global_operator,review_path_policy
src/obsidiandroid/reporting/high_score_skeptic_audits.py,write_split_contamination_audit,pathlib_write_text,diagnostics_dir / 'split_contamination_audit.md',555,other,N,N,N,N,N,N,N,N,diagnostics_or_global_operator,review_path_policy
src/obsidiandroid/reporting/high_score_skeptic_audits.py,write_split_contamination_audit,pandas_to_csv,diagnostics_dir / 'train_test_package_overlap.csv',556,other,N,N,N,N,N,N,N,N,diagnostics_or_global_operator,review_path_policy
src/obsidiandroid/reporting/high_score_skeptic_audits.py,write_split_contamination_audit,pandas_to_csv,diagnostics_dir / 'train_test_family_package_overlap.csv',557,other,N,N,N,N,N,N,N,N,diagnostics_or_global_operator,review_path_policy
src/obsidiandroid/reporting/high_score_skeptic_audits.py,write_smote_effect_check,pandas_to_csv,diagnostics_dir / 'smote_effect_check.csv',588,other,N,N,N,N,N,N,N,N,diagnostics_or_global_operator,review_path_policy
src/obsidiandroid/reporting/high_score_skeptic_audits.py,write_smote_effect_check,pathlib_write_text,diagnostics_dir / 'smote_effect_check.md',608,other,N,N,N,N,N,N,N,N,diagnostics_or_global_operator,review_path_policy
src/obsidiandroid/reporting/high_score_skeptic_audits.py,write_smote_effect_check,pathlib_write_text,diagnostics_dir / 'smote_effect_check.json',610,other,N,N,N,N,N,N,N,N,diagnostics_or_global_operator,review_path_policy
src/obsidiandroid/reporting/high_score_skeptic_audits.py,write_leakage_safe_score_comparison,pandas_to_csv,diagnostics_dir / 'leakage_safe_score_comparison.csv',667,other,N,N,N,N,N,N,N,N,diagnostics_or_global_operator,review_path_policy
src/obsidiandroid/reporting/high_score_skeptic_audits.py,write_leakage_safe_score_comparison,pathlib_write_text,diagnostics_dir / 'leakage_safe_score_comparison.md',694,other,N,N,N,N,N,N,N,N,diagnostics_or_global_operator,review_path_policy
src/obsidiandroid/reporting/high_score_skeptic_audits.py,write_leakage_safe_score_comparison,pathlib_write_text,diagnostics_dir / 'leakage_safe_score_comparison.json',701,other,N,N,N,N,N,N,N,N,diagnostics_or_global_operator,review_path_policy
src/obsidiandroid/reporting/high_score_skeptic_audits.py,write_top_feature_modality_audit,pandas_to_csv,diagnostics_dir / 'top_feature_modality_audit.csv',737,feature_diagnostics,N,N,N,N,N,N,N,N,diagnostics_or_global_operator,review_path_policy
src/obsidiandroid/reporting/high_score_skeptic_audits.py,write_top_feature_modality_audit,pandas_to_csv,diagnostics_dir / 'suspicious_label_like_features.csv',738,labeling_taxonomy,N,N,N,N,N,N,N,N,diagnostics_or_global_operator,review_path_policy
src/obsidiandroid/reporting/high_score_skeptic_audits.py,write_top_feature_modality_audit,pathlib_write_text,diagnostics_dir / 'top_feature_modality_audit.json',746,feature_diagnostics,N,N,N,N,N,N,N,N,diagnostics_or_global_operator,review_path_policy
src/obsidiandroid/reporting/high_score_skeptic_audits.py,write_top_feature_modality_audit,pathlib_write_text,diagnostics_dir / 'top_feature_modality_audit.md',778,feature_diagnostics,N,N,N,N,N,N,N,N,diagnostics_or_global_operator,review_path_policy
src/obsidiandroid/reporting/high_score_skeptic_audits.py,write_recommended_validation_plan,pathlib_write_text,diagnostics_dir / 'recommended_validation_plan.md',800,other,N,N,N,N,N,N,N,N,diagnostics_or_global_operator,review_path_policy
src/obsidiandroid/reporting/high_score_skeptic_helpers.py,write_false_attribution_empty,pathlib_write_text,diagnostics_dir / 'false_attribution_audit.json',68,other,N,N,N,N,N,N,N,N,diagnostics_or_global_operator,review_path_policy
src/obsidiandroid/reporting/high_score_skeptic_helpers.py,write_false_attribution_empty,pathlib_write_text,diagnostics_dir / 'false_attribution_audit.md',71,other,N,N,N,N,N,N,N,N,diagnostics_or_global_operator,review_path_policy
src/obsidiandroid/reporting/high_score_skeptic_helpers.py,write_false_attribution_empty,pandas_to_csv,diagnostics_dir / name,80,other,N,N,N,N,N,N,N,N,diagnostics_or_global_operator,review_path_policy
src/obsidiandroid/reporting/research_three_questions.py,write_research_question_artifacts,pandas_to_csv,diagnostics_dir / 'family_distribution.csv',220,other,N,N,N,N,N,N,N,N,diagnostics_or_global_operator,review_path_policy
src/obsidiandroid/reporting/research_three_questions.py,write_research_question_artifacts,pandas_to_csv,diagnostics_dir / 'type_distribution.csv',224,other,N,N,N,N,N,N,N,N,diagnostics_or_global_operator,review_path_policy
src/obsidiandroid/reporting/research_three_questions.py,write_research_question_artifacts,pandas_to_csv,diagnostics_dir / 'family_concentration.csv',227,other,N,N,N,N,N,N,N,N,diagnostics_or_global_operator,review_path_policy
src/obsidiandroid/reporting/research_three_questions.py,write_research_question_artifacts,pandas_to_csv,diagnostics_dir / 'low_support_families.csv',269,other,N,N,N,N,N,N,N,N,diagnostics_or_global_operator,review_path_policy
src/obsidiandroid/reporting/research_three_questions.py,write_research_question_artifacts,pandas_to_csv,diagnostics_dir / 'dataset_quality_gates.csv',282,other,N,N,N,N,N,N,N,N,diagnostics_or_global_operator,review_path_policy
src/obsidiandroid/reporting/research_three_questions.py,write_research_question_artifacts,pathlib_write_text,diagnostics_dir / 'dataset_foundation_summary.json',318,other,N,N,N,N,N,N,N,N,diagnostics_or_global_operator,review_path_policy
src/obsidiandroid/reporting/research_three_questions.py,write_research_question_artifacts,pathlib_write_text,diagnostics_dir / 'dataset_foundation_summary.md',345,other,N,N,N,N,N,N,N,N,diagnostics_or_global_operator,review_path_policy
src/obsidiandroid/reporting/research_three_questions.py,write_research_question_artifacts,pandas_to_csv,diagnostics_dir / 'feature_set_ablation_summary.csv',399,ablation,N,N,N,N,N,N,N,N,diagnostics_or_global_operator,review_path_policy
src/obsidiandroid/reporting/research_three_questions.py,write_research_question_artifacts,pathlib_write_text,diagnostics_dir / 'feature_set_ablation_summary.md',443,ablation,N,N,N,N,N,N,N,N,diagnostics_or_global_operator,review_path_policy
src/obsidiandroid/reporting/research_three_questions.py,write_research_question_artifacts,pandas_to_csv,diagnostics_dir / 'feature_set_ablation_summary.csv',446,ablation,N,N,N,N,N,N,N,N,diagnostics_or_global_operator,review_path_policy
src/obsidiandroid/reporting/research_three_questions.py,write_research_question_artifacts,pandas_to_csv,diagnostics_dir / 'permission_coverage_summary.csv',455,other,N,N,N,N,N,N,N,N,diagnostics_or_global_operator,review_path_policy
src/obsidiandroid/reporting/research_three_questions.py,write_research_question_artifacts,pandas_to_csv,diagnostics_dir / 'vendor_feature_coverage_summary.csv',472,vendor_parser,N,N,N,N,N,N,N,N,diagnostics_or_global_operator,review_path_policy
src/obsidiandroid/reporting/research_three_questions.py,write_research_question_artifacts,pandas_to_csv,diagnostics_dir / 'vendor_leakage_safety_audit.csv',499,vendor_parser,N,N,N,N,N,N,N,N,diagnostics_or_global_operator,review_path_policy
src/obsidiandroid/reporting/research_three_questions.py,write_research_question_artifacts,pandas_to_csv,diagnostics_dir / 'feature_group_survival.csv',507,feature_diagnostics,N,N,N,N,N,N,N,N,diagnostics_or_global_operator,review_path_policy
src/obsidiandroid/reporting/research_three_questions.py,write_research_question_artifacts,pandas_to_csv,diagnostics_dir / 'feature_group_survival.csv',509,feature_diagnostics,N,N,N,N,N,N,N,N,diagnostics_or_global_operator,review_path_policy
src/obsidiandroid/reporting/research_three_questions.py,write_research_question_artifacts,pandas_to_csv,diagnostics_dir / 'feature_group_survival.csv',513,feature_diagnostics,N,N,N,N,N,N,N,N,diagnostics_or_global_operator,review_path_policy
src/obsidiandroid/reporting/research_three_questions.py,write_research_question_artifacts,pathlib_write_text,diagnostics_dir / 'modality_contribution_summary.json',529,other,N,N,N,N,N,N,N,N,diagnostics_or_global_operator,review_path_policy
src/obsidiandroid/reporting/research_three_questions.py,write_research_question_artifacts,pathlib_write_text,diagnostics_dir / 'modality_contribution_summary.md',543,other,N,N,N,N,N,N,N,N,diagnostics_or_global_operator,review_path_policy
src/obsidiandroid/reporting/research_three_questions.py,write_research_question_artifacts,pandas_to_csv,diagnostics_dir / 'family_precision_recall.csv',550,other,N,N,N,N,N,N,N,N,diagnostics_or_global_operator,review_path_policy
src/obsidiandroid/reporting/research_three_questions.py,write_research_question_artifacts,pandas_to_csv,diagnostics_dir / 'lowest_recall_families.csv',553,other,N,N,N,N,N,N,N,N,diagnostics_or_global_operator,review_path_policy
src/obsidiandroid/reporting/research_three_questions.py,write_research_question_artifacts,pandas_to_csv,diagnostics_dir / 'lowest_precision_families.csv',554,other,N,N,N,N,N,N,N,N,diagnostics_or_global_operator,review_path_policy
src/obsidiandroid/reporting/research_three_questions.py,write_research_question_artifacts,pandas_to_csv,diagnostics_dir / 'family_support_vs_performance.csv',558,other,N,N,N,N,N,N,N,N,diagnostics_or_global_operator,review_path_policy
src/obsidiandroid/reporting/research_three_questions.py,write_research_question_artifacts,pandas_to_csv,diagnostics_dir / 'family_precision_recall.csv',561,other,N,N,N,N,N,N,N,N,diagnostics_or_global_operator,review_path_policy
src/obsidiandroid/reporting/research_three_questions.py,write_research_question_artifacts,pandas_to_csv,diagnostics_dir / 'lowest_recall_families.csv',562,other,N,N,N,N,N,N,N,N,diagnostics_or_global_operator,review_path_policy
src/obsidiandroid/reporting/research_three_questions.py,write_research_question_artifacts,pandas_to_csv,diagnostics_dir / 'lowest_precision_families.csv',563,other,N,N,N,N,N,N,N,N,diagnostics_or_global_operator,review_path_policy
src/obsidiandroid/reporting/research_three_questions.py,write_research_question_artifacts,pandas_to_csv,diagnostics_dir / 'family_support_vs_performance.csv',564,other,N,N,N,N,N,N,N,N,diagnostics_or_global_operator,review_path_policy
src/obsidiandroid/reporting/research_three_questions.py,write_research_question_artifacts,pandas_to_csv,diagnostics_dir / 'family_vs_type_performance.csv',598,other,N,N,N,N,N,N,N,N,diagnostics_or_global_operator,review_path_policy
src/obsidiandroid/reporting/research_three_questions.py,write_research_question_artifacts,pandas_to_csv,diagnostics_dir / 'family_vs_type_performance.csv',600,other,N,N,N,N,N,N,N,N,diagnostics_or_global_operator,review_path_policy
src/obsidiandroid/reporting/research_three_questions.py,write_research_question_artifacts,pandas_to_csv,diagnostics_dir / 'type_precision_recall.csv',604,other,N,N,N,N,N,N,N,N,diagnostics_or_global_operator,review_path_policy
src/obsidiandroid/reporting/research_three_questions.py,write_research_question_artifacts,pathlib_write_text,diagnostics_dir / 'model_and_family_failure_summary.json',651,other,N,N,N,N,N,N,N,N,diagnostics_or_global_operator,review_path_policy
src/obsidiandroid/reporting/research_three_questions.py,write_research_question_artifacts,pathlib_write_text,diagnostics_dir / 'model_and_family_failure_summary.md',680,other,N,N,N,N,N,N,N,N,diagnostics_or_global_operator,review_path_policy
