column,nonzero_cohort_fused,matrix_rows_cohort_fused,nonzero_after_align,matrix_rows_after_align,nonzero_after_family_support,matrix_rows_after_family_support,nonzero_after_low_information_prune,matrix_rows_after_low_information_prune,nonzero_after_leakage_prune,matrix_rows_after_leakage_prune,dropped_by_low_information_prune,dropped_by_leakage_prune
perm__android_permission_access_adservices_ad_id,7,1226,7,1226,7,1001,7.0,1001,7.0,1001,False,False
perm__android_permission_access_adservices_attribution,15,1226,15,1226,15,1001,15.0,1001,15.0,1001,False,False
perm__android_permission_access_adservices_topics,7,1226,7,1226,7,1001,7.0,1001,7.0,1001,False,False
perm__android_permission_access_all_external_storage,2,1226,2,1226,2,1001,2.0,1001,2.0,1001,False,False
perm__android_permission_access_background_location,50,1226,50,1226,27,1001,27.0,1001,27.0,1001,False,False
perm__android_permission_access_coarse_location,162,1226,162,1226,119,1001,119.0,1001,119.0,1001,False,False
perm__android_permission_access_content_providers_externally,5,1226,5,1226,0,1001,,1001,,1001,True,False
perm__android_permission_access_fine_location,103,1226,103,1226,58,1001,58.0,1001,58.0,1001,False,False
perm__android_permission_access_location_extra_commands,11,1226,11,1226,9,1001,9.0,1001,9.0,1001,False,False
perm__android_permission_access_media_location,21,1226,21,1226,21,1001,21.0,1001,21.0,1001,False,False
perm__android_permission_access_mtp,2,1226,2,1226,2,1001,2.0,1001,2.0,1001,False,False
perm__android_permission_access_network_state,499,1226,499,1226,398,1001,398.0,1001,398.0,1001,False,False
perm__android_permission_access_notification_policy,84,1226,84,1226,63,1001,63.0,1001,63.0,1001,False,False
perm__android_permission_access_wifi_state,347,1226,347,1226,285,1001,285.0,1001,285.0,1001,False,False
perm__android_permission_action_manage_overlay_permission,22,1226,22,1226,0,1001,,1001,,1001,True,False
perm__android_permission_activity_recognition,5,1226,5,1226,0,1001,,1001,,1001,True,False
perm__android_permission_answer_phone_calls,2,1226,2,1226,0,1001,,1001,,1001,True,False
perm__android_permission_authenticate_accounts,99,1226,99,1226,90,1001,90.0,1001,90.0,1001,False,False
perm__android_permission_battery_stats,32,1226,32,1226,32,1001,32.0,1001,32.0,1001,False,False
perm__android_permission_bind_accessibility_service,28,1226,28,1226,24,1001,24.0,1001,24.0,1001,False,False
perm__android_permission_bind_appwidget,2,1226,2,1226,1,1001,1.0,1001,1.0,1001,False,False
perm__android_permission_bind_carrier_messaging_client_service,5,1226,5,1226,0,1001,,1001,,1001,True,False
perm__android_permission_bind_job_service,10,1226,10,1226,10,1001,10.0,1001,10.0,1001,False,False
perm__android_permission_bind_notification_listener_service,6,1226,6,1226,6,1001,6.0,1001,6.0,1001,False,False
perm__android_permission_bluetooth,61,1226,61,1226,25,1001,25.0,1001,25.0,1001,False,False
perm__android_permission_bluetooth_admin,30,1226,30,1226,25,1001,25.0,1001,25.0,1001,False,False
perm__android_permission_bluetooth_advertise,2,1226,2,1226,2,1001,2.0,1001,2.0,1001,False,False
perm__android_permission_bluetooth_connect,10,1226,10,1226,9,1001,9.0,1001,9.0,1001,False,False
perm__android_permission_bluetooth_privileged,4,1226,4,1226,4,1001,4.0,1001,4.0,1001,False,False
perm__android_permission_boot_completed,3,1226,3,1226,3,1001,3.0,1001,3.0,1001,False,False
perm__android_permission_broadcast_package_added,6,1226,6,1226,1,1001,1.0,1001,1.0,1001,False,False
perm__android_permission_broadcast_package_changed,5,1226,5,1226,1,1001,1.0,1001,1.0,1001,False,False
perm__android_permission_broadcast_package_install,5,1226,5,1226,1,1001,1.0,1001,1.0,1001,False,False
perm__android_permission_broadcast_package_replaced,5,1226,5,1226,1,1001,1.0,1001,1.0,1001,False,False
perm__android_permission_broadcast_sms,10,1226,10,1226,10,1001,10.0,1001,10.0,1001,False,False
perm__android_permission_broadcast_sticky,24,1226,24,1226,21,1001,21.0,1001,21.0,1001,False,False
perm__android_permission_call_companion_app,10,1226,10,1226,10,1001,10.0,1001,10.0,1001,False,False
perm__android_permission_call_phone,233,1226,233,1226,168,1001,168.0,1001,168.0,1001,False,False
perm__android_permission_call_privileged,5,1226,5,1226,5,1001,5.0,1001,5.0,1001,False,False
perm__android_permission_camera,170,1226,170,1226,123,1001,123.0,1001,123.0,1001,False,False
perm__android_permission_capture_audio_output,9,1226,9,1226,0,1001,,1001,,1001,True,False
perm__android_permission_capture_secure_video_output,7,1226,7,1226,7,1001,7.0,1001,7.0,1001,False,False
perm__android_permission_capture_video_output,8,1226,8,1226,7,1001,7.0,1001,7.0,1001,False,False
perm__android_permission_change_component_enabled_state,30,1226,30,1226,30,1001,30.0,1001,30.0,1001,False,False
perm__android_permission_change_configuration,12,1226,12,1226,12,1001,12.0,1001,12.0,1001,False,False
perm__android_permission_change_network_state,121,1226,121,1226,111,1001,111.0,1001,111.0,1001,False,False
perm__android_permission_change_wifi_multicast_state,26,1226,26,1226,23,1001,23.0,1001,23.0,1001,False,False
perm__android_permission_change_wifi_state,136,1226,136,1226,97,1001,97.0,1001,97.0,1001,False,False
perm__android_permission_clear_app_cache,31,1226,31,1226,25,1001,25.0,1001,25.0,1001,False,False
perm__android_permission_clear_app_user_data,27,1226,27,1226,27,1001,27.0,1001,27.0,1001,False,False
perm__android_permission_control_incall_experience,9,1226,9,1226,0,1001,,1001,,1001,True,False
perm__android_permission_credential_manager_query_candidate_credentials,11,1226,11,1226,11,1001,11.0,1001,11.0,1001,False,False
perm__android_permission_credential_manager_set_allowed_providers,10,1226,10,1226,10,1001,10.0,1001,10.0,1001,False,False
perm__android_permission_credential_manager_set_origin,15,1226,15,1226,15,1001,15.0,1001,15.0,1001,False,False
perm__android_permission_delete_packages,11,1226,11,1226,11,1001,11.0,1001,11.0,1001,False,False
perm__android_permission_detect_screen_capture,13,1226,13,1226,13,1001,13.0,1001,13.0,1001,False,False
perm__android_permission_detect_screen_recording,17,1226,17,1226,17,1001,17.0,1001,17.0,1001,False,False
perm__android_permission_device_power,2,1226,2,1226,2,1001,2.0,1001,2.0,1001,False,False
perm__android_permission_disable_keyguard,115,1226,115,1226,92,1001,92.0,1001,92.0,1001,False,False
perm__android_permission_download_without_notification,7,1226,7,1226,7,1001,7.0,1001,7.0,1001,False,False
perm__android_permission_enforce_update_ownership,13,1226,13,1226,13,1001,13.0,1001,13.0,1001,False,False
perm__android_permission_expand_status_bar,68,1226,68,1226,66,1001,66.0,1001,66.0,1001,False,False
perm__android_permission_flashlight,38,1226,38,1226,33,1001,33.0,1001,33.0,1001,False,False
perm__android_permission_force_stop_packages,2,1226,2,1226,2,1001,2.0,1001,2.0,1001,False,False
perm__android_permission_forefground_service,4,1226,4,1226,0,1001,,1001,,1001,True,False
perm__android_permission_foreground_service,466,1226,466,1226,396,1001,396.0,1001,396.0,1001,False,False
perm__android_permission_foreground_service_camera,7,1226,7,1226,7,1001,7.0,1001,7.0,1001,False,False
perm__android_permission_foreground_service_data_sync,12,1226,12,1226,9,1001,9.0,1001,9.0,1001,False,False
perm__android_permission_foreground_service_location,2,1226,2,1226,2,1001,2.0,1001,2.0,1001,False,False
perm__android_permission_foreground_service_media_projection,56,1226,56,1226,56,1001,56.0,1001,56.0,1001,False,False
perm__android_permission_foreground_service_microphone,5,1226,5,1226,5,1001,5.0,1001,5.0,1001,False,False
perm__android_permission_foreground_service_phone_call,5,1226,5,1226,5,1001,5.0,1001,5.0,1001,False,False
perm__android_permission_foreground_service_remote_messaging,2,1226,2,1226,2,1001,2.0,1001,2.0,1001,False,False
perm__android_permission_foreground_service_system_exempted,5,1226,5,1226,5,1001,5.0,1001,5.0,1001,False,False
perm__android_permission_get_accounts,125,1226,125,1226,79,1001,79.0,1001,79.0,1001,False,False
perm__android_permission_get_accounts_privileged,10,1226,10,1226,10,1001,10.0,1001,10.0,1001,False,False
perm__android_permission_get_installed_apps,11,1226,11,1226,11,1001,11.0,1001,11.0,1001,False,False
perm__android_permission_get_package_size,35,1226,35,1226,10,1001,10.0,1001,10.0,1001,False,False
perm__android_permission_get_tasks,106,1226,106,1226,67,1001,67.0,1001,67.0,1001,False,False
perm__android_permission_grant_runtime_permissions,11,1226,11,1226,11,1001,11.0,1001,11.0,1001,False,False
perm__android_permission_hide_overlay_windows,12,1226,12,1226,12,1001,12.0,1001,12.0,1001,False,False
perm__android_permission_high_sampling_rate_sensors,9,1226,9,1226,9,1001,9.0,1001,9.0,1001,False,False
perm__android_permission_inject_events,25,1226,25,1226,25,1001,25.0,1001,25.0,1001,False,False
perm__android_permission_install_packages,72,1226,72,1226,65,1001,65.0,1001,65.0,1001,False,False
perm__android_permission_install_shortcut,7,1226,7,1226,5,1001,5.0,1001,5.0,1001,False,False
perm__android_permission_interact_across_users_full,14,1226,14,1226,14,1001,14.0,1001,14.0,1001,False,False
perm__android_permission_internet,602,1226,602,1226,484,1001,484.0,1001,484.0,1001,False,False
perm__android_permission_kill_background_processes,122,1226,122,1226,98,1001,98.0,1001,98.0,1001,False,False
perm__android_permission_local_mac_address,10,1226,10,1226,0,1001,,1001,,1001,True,False
perm__android_permission_lock_device,10,1226,10,1226,0,1001,,1001,,1001,True,False
perm__android_permission_manage_accounts,21,1226,21,1226,20,1001,20.0,1001,20.0,1001,False,False
perm__android_permission_manage_activity_stacks,11,1226,11,1226,11,1001,11.0,1001,11.0,1001,False,False
perm__android_permission_manage_app_ops_modes,12,1226,12,1226,2,1001,2.0,1001,2.0,1001,False,False
perm__android_permission_manage_device_admins,11,1226,11,1226,11,1001,11.0,1001,11.0,1001,False,False
perm__android_permission_manage_external_storage,50,1226,50,1226,27,1001,27.0,1001,27.0,1001,False,False
perm__android_permission_manage_own_calls,21,1226,21,1226,18,1001,18.0,1001,18.0,1001,False,False
perm__android_permission_manage_usb,2,1226,2,1226,2,1001,2.0,1001,2.0,1001,False,False
perm__android_permission_manage_users,2,1226,2,1226,2,1001,2.0,1001,2.0,1001,False,False
perm__android_permission_modify_audio_settings,134,1226,134,1226,105,1001,105.0,1001,105.0,1001,False,False
perm__android_permission_modify_phone_state,48,1226,48,1226,37,1001,37.0,1001,37.0,1001,False,False
perm__android_permission_mount_unmount_filesystems,42,1226,42,1226,40,1001,40.0,1001,40.0,1001,False,False
perm__android_permission_nearby_wifi_devices,2,1226,2,1226,2,1001,2.0,1001,2.0,1001,False,False
perm__android_permission_nfc,19,1226,19,1226,19,1001,19.0,1001,19.0,1001,False,False
perm__android_permission_nfc_preferred_payment_info,11,1226,11,1226,11,1001,11.0,1001,11.0,1001,False,False
perm__android_permission_nfc_transaction_event,6,1226,6,1226,6,1001,6.0,1001,6.0,1001,False,False
perm__android_permission_override_wifi_config,2,1226,2,1226,2,1001,2.0,1001,2.0,1001,False,False
perm__android_permission_package_usage_stats,82,1226,82,1226,68,1001,68.0,1001,68.0,1001,False,False
perm__android_permission_peers_mac_address,2,1226,2,1226,2,1001,2.0,1001,2.0,1001,False,False
perm__android_permission_permission_name,11,1226,11,1226,11,1001,11.0,1001,11.0,1001,False,False
perm__android_permission_post_notifications,141,1226,141,1226,128,1001,128.0,1001,128.0,1001,False,False
perm__android_permission_prevent_power_key,6,1226,6,1226,6,1001,6.0,1001,6.0,1001,False,False
perm__android_permission_process_outgoing_calls,84,1226,84,1226,61,1001,61.0,1001,61.0,1001,False,False
perm__android_permission_query_all_packages,314,1226,314,1226,264,1001,264.0,1001,264.0,1001,False,False
perm__android_permission_quickboot_poweron,76,1226,76,1226,49,1001,49.0,1001,49.0,1001,False,False
perm__android_permission_read_app_badge,28,1226,28,1226,16,1001,16.0,1001,16.0,1001,False,False
perm__android_permission_read_basic_phone_state,2,1226,2,1226,2,1001,2.0,1001,2.0,1001,False,False
perm__android_permission_read_calendar,42,1226,42,1226,28,1001,28.0,1001,28.0,1001,False,False
perm__android_permission_read_call_log,106,1226,106,1226,69,1001,69.0,1001,69.0,1001,False,False
perm__android_permission_read_cell_broadcasts,7,1226,7,1226,7,1001,7.0,1001,7.0,1001,False,False
perm__android_permission_read_clipboard_in_background,11,1226,11,1226,11,1001,11.0,1001,11.0,1001,False,False
perm__android_permission_read_contacts,327,1226,327,1226,249,1001,249.0,1001,249.0,1001,False,False
perm__android_permission_read_external_storage,254,1226,254,1226,170,1001,170.0,1001,170.0,1001,False,False
perm__android_permission_read_history_bookmarks,25,1226,25,1226,25,1001,25.0,1001,25.0,1001,False,False
perm__android_permission_read_install_sessions,59,1226,59,1226,59,1001,59.0,1001,59.0,1001,False,False
perm__android_permission_read_logs,41,1226,41,1226,32,1001,32.0,1001,32.0,1001,False,False
perm__android_permission_read_media_audio,15,1226,15,1226,9,1001,9.0,1001,9.0,1001,False,False
perm__android_permission_read_media_images,21,1226,21,1226,15,1001,15.0,1001,15.0,1001,False,False
perm__android_permission_read_media_video,21,1226,21,1226,15,1001,15.0,1001,15.0,1001,False,False
perm__android_permission_read_phone_numbers,171,1226,171,1226,160,1001,160.0,1001,160.0,1001,False,False
perm__android_permission_read_phone_state,377,1226,377,1226,284,1001,284.0,1001,284.0,1001,False,False
perm__android_permission_read_precise_phone_state,20,1226,20,1226,20,1001,20.0,1001,20.0,1001,False,False
perm__android_permission_read_privileged_phone_state,28,1226,28,1226,17,1001,17.0,1001,17.0,1001,False,False
perm__android_permission_read_profile,5,1226,5,1226,4,1001,4.0,1001,4.0,1001,False,False
perm__android_permission_read_settings,4,1226,4,1226,4,1001,4.0,1001,4.0,1001,False,False
perm__android_permission_read_sms,399,1226,399,1226,295,1001,295.0,1001,295.0,1001,False,False
perm__android_permission_read_sync_settings,93,1226,93,1226,91,1001,91.0,1001,91.0,1001,False,False
perm__android_permission_read_sync_stats,12,1226,12,1226,11,1001,11.0,1001,11.0,1001,False,False
perm__android_permission_real_get_tasks,25,1226,25,1226,25,1001,25.0,1001,25.0,1001,False,False
perm__android_permission_reboot,18,1226,18,1226,18,1001,18.0,1001,18.0,1001,False,False
perm__android_permission_receive_boot_completed,503,1226,503,1226,398,1001,398.0,1001,398.0,1001,False,False
perm__android_permission_receive_launch_broadcasts,18,1226,18,1226,0,1001,,1001,,1001,True,False
perm__android_permission_receive_mms,26,1226,26,1226,13,1001,13.0,1001,13.0,1001,False,False
perm__android_permission_receive_sms,372,1226,372,1226,276,1001,276.0,1001,276.0,1001,False,False
perm__android_permission_receive_user_present,33,1226,33,1226,28,1001,28.0,1001,28.0,1001,False,False
perm__android_permission_receive_wap_push,8,1226,8,1226,8,1001,8.0,1001,8.0,1001,False,False
perm__android_permission_record_audio,135,1226,135,1226,78,1001,78.0,1001,78.0,1001,False,False
perm__android_permission_reorder_tasks,34,1226,34,1226,23,1001,23.0,1001,23.0,1001,False,False
perm__android_permission_request_companion_profile_watch,8,1226,8,1226,8,1001,8.0,1001,8.0,1001,False,False
perm__android_permission_request_companion_run_in_background,19,1226,19,1226,9,1001,9.0,1001,9.0,1001,False,False
perm__android_permission_request_companion_start_foreground_services_from_background,13,1226,13,1226,13,1001,13.0,1001,13.0,1001,False,False
perm__android_permission_request_companion_use_data_in_background,23,1226,23,1226,12,1001,12.0,1001,12.0,1001,False,False
perm__android_permission_request_delete_packages,243,1226,243,1226,193,1001,193.0,1001,193.0,1001,False,False
perm__android_permission_request_ignore_battery_optimizations,322,1226,322,1226,237,1001,237.0,1001,237.0,1001,False,False
perm__android_permission_request_install_packages,261,1226,261,1226,210,1001,210.0,1001,210.0,1001,False,False
perm__android_permission_request_password_complexity,19,1226,19,1226,15,1001,15.0,1001,15.0,1001,False,False
perm__android_permission_reset_password,11,1226,11,1226,11,1001,11.0,1001,11.0,1001,False,False
perm__android_permission_run_user_initiated_jobs,13,1226,13,1226,13,1001,13.0,1001,13.0,1001,False,False
perm__android_permission_schedule_exact_alarm,90,1226,90,1226,81,1001,81.0,1001,81.0,1001,False,False
perm__android_permission_send_sms,339,1226,339,1226,255,1001,255.0,1001,255.0,1001,False,False
perm__android_permission_set_activity_watcher,25,1226,25,1226,25,1001,25.0,1001,25.0,1001,False,False
perm__android_permission_set_alarm,2,1226,2,1226,0,1001,,1001,,1001,True,False
perm__android_permission_set_lock_task_packages,11,1226,11,1226,11,1001,11.0,1001,11.0,1001,False,False
perm__android_permission_set_time_zone,11,1226,11,1226,11,1001,11.0,1001,11.0,1001,False,False
perm__android_permission_set_wallpaper,83,1226,83,1226,66,1001,66.0,1001,66.0,1001,False,False
perm__android_permission_set_wallpaper_hints,36,1226,36,1226,20,1001,20.0,1001,20.0,1001,False,False
perm__android_permission_storage,12,1226,12,1226,0,1001,,1001,,1001,True,False
perm__android_permission_system_alert_window,294,1226,294,1226,213,1001,213.0,1001,213.0,1001,False,False
perm__android_permission_system_overlay_window,38,1226,38,1226,38,1001,38.0,1001,38.0,1001,False,False
perm__android_permission_transmit_ir,12,1226,12,1226,10,1001,10.0,1001,10.0,1001,False,False
perm__android_permission_type_application_overlay,2,1226,2,1226,2,1001,2.0,1001,2.0,1001,False,False
perm__android_permission_update_app_ops_stats,2,1226,2,1226,2,1001,2.0,1001,2.0,1001,False,False
perm__android_permission_update_device_stats,5,1226,5,1226,5,1001,5.0,1001,5.0,1001,False,False
perm__android_permission_update_packages_without_user_action,14,1226,14,1226,14,1001,14.0,1001,14.0,1001,False,False
perm__android_permission_use_biometric,54,1226,54,1226,48,1001,48.0,1001,48.0,1001,False,False
perm__android_permission_use_exact_alarm,31,1226,31,1226,27,1001,27.0,1001,27.0,1001,False,False
perm__android_permission_use_fingerprint,54,1226,54,1226,33,1001,33.0,1001,33.0,1001,False,False
perm__android_permission_use_full_screen_intent,151,1226,151,1226,131,1001,131.0,1001,131.0,1001,False,False
perm__android_permission_vibrate,250,1226,250,1226,210,1001,210.0,1001,210.0,1001,False,False
perm__android_permission_wake_lock,541,1226,541,1226,426,1001,426.0,1001,426.0,1001,False,False
perm__android_permission_write_apn_settings,25,1226,25,1226,25,1001,25.0,1001,25.0,1001,False,False
perm__android_permission_write_calendar,10,1226,10,1226,2,1001,2.0,1001,2.0,1001,False,False
perm__android_permission_write_call_log,51,1226,51,1226,21,1001,21.0,1001,21.0,1001,False,False
perm__android_permission_write_contacts,92,1226,92,1226,56,1001,56.0,1001,56.0,1001,False,False
perm__android_permission_write_external_storage,294,1226,294,1226,214,1001,214.0,1001,214.0,1001,False,False
perm__android_permission_write_media_storage,4,1226,4,1226,4,1001,4.0,1001,4.0,1001,False,False
perm__android_permission_write_secure_settings,56,1226,56,1226,53,1001,53.0,1001,53.0,1001,False,False
perm__android_permission_write_settings,168,1226,168,1226,138,1001,138.0,1001,138.0,1001,False,False
perm__android_permission_write_sms,90,1226,90,1226,51,1001,51.0,1001,51.0,1001,False,False
perm__android_permission_write_sync_settings,134,1226,134,1226,118,1001,118.0,1001,118.0,1001,False,False
perm__android_permission_write_voicemail,4,1226,4,1226,4,1001,4.0,1001,4.0,1001,False,False
perm__aok_onekaoa_wokj_dynamic_receiver_not_exported_permission,2,1226,2,1226,2,1001,2.0,1001,2.0,1001,False,False
perm__caco333_ca_permission_c2d_message,3,1226,3,1226,3,1001,3.0,1001,3.0,1001,False,False
perm__cc_coolline_client_pro_service,5,1226,5,1226,5,1001,5.0,1001,5.0,1001,False,False
perm__com_anddoes_launcher_permission_read_settings,5,1226,5,1226,5,1001,5.0,1001,5.0,1001,False,False
perm__com_anddoes_launcher_permission_update_count,41,1226,41,1226,29,1001,29.0,1001,29.0,1001,False,False
perm__com_anddoes_launcher_permission_write_settings,5,1226,5,1226,5,1001,5.0,1001,5.0,1001,False,False
perm__com_android_alarm_permission_set_alarm,46,1226,46,1226,37,1001,37.0,1001,37.0,1001,False,False
perm__com_android_browser_permission_read_history_bookmarks,24,1226,24,1226,13,1001,13.0,1001,13.0,1001,False,False
perm__com_android_email_permission_access_provider,11,1226,11,1226,11,1001,11.0,1001,11.0,1001,False,False
perm__com_android_launcher2_permission_read_settings,26,1226,26,1226,26,1001,26.0,1001,26.0,1001,False,False
perm__com_android_launcher2_permission_write_settings,26,1226,26,1226,26,1001,26.0,1001,26.0,1001,False,False
perm__com_android_launcher3_permission_read_settings,26,1226,26,1226,26,1001,26.0,1001,26.0,1001,False,False
perm__com_android_launcher3_permission_write_settings,26,1226,26,1226,26,1001,26.0,1001,26.0,1001,False,False
perm__com_android_launcher_permission_install_shortcut,49,1226,49,1226,45,1001,45.0,1001,45.0,1001,False,False
perm__com_android_launcher_permission_read_settings,28,1226,28,1226,27,1001,27.0,1001,27.0,1001,False,False
perm__com_android_launcher_permission_uninstall_shortcut,40,1226,40,1226,40,1001,40.0,1001,40.0,1001,False,False
perm__com_android_launcher_permission_write_settings,27,1226,27,1226,26,1001,26.0,1001,26.0,1001,False,False
perm__com_android_mylauncher_permission_read_settings,5,1226,5,1226,5,1001,5.0,1001,5.0,1001,False,False
perm__com_android_mylauncher_permission_write_settings,5,1226,5,1226,5,1001,5.0,1001,5.0,1001,False,False
perm__com_android_permission_get_installed_apps,2,1226,2,1226,2,1001,2.0,1001,2.0,1001,False,False
perm__com_android_vending_billing,36,1226,36,1226,34,1001,34.0,1001,34.0,1001,False,False
perm__com_applovin_array_apphub_permission_bind_apphub_service,5,1226,5,1226,5,1001,5.0,1001,5.0,1001,False,False
perm__com_asus_msa_supplementarydid_access,2,1226,2,1226,2,1001,2.0,1001,2.0,1001,False,False
perm__com_bbk_launcher2_permission_read_settings,6,1226,6,1226,6,1001,6.0,1001,6.0,1001,False,False
perm__com_bbk_launcher2_permission_write_settings,6,1226,6,1226,6,1001,6.0,1001,6.0,1001,False,False
perm__com_bilibili_app_in_permission_blkv,2,1226,2,1226,2,1001,2.0,1001,2.0,1001,False,False
perm__com_coloros_alarmclock_permission_access_provider,2,1226,2,1226,2,1001,2.0,1001,2.0,1001,False,False
perm__com_coloros_backuprestore_dynamic_receiver_not_exported_permission,2,1226,2,1226,2,1001,2.0,1001,2.0,1001,False,False
perm__com_coloros_bootreg_permission_oppo_bootreg_completed,2,1226,2,1226,2,1001,2.0,1001,2.0,1001,False,False
perm__com_coloros_codebook_permission_read,2,1226,2,1226,2,1001,2.0,1001,2.0,1001,False,False
perm__com_coloros_operationmanual_permission_tipsprovider,2,1226,2,1226,2,1001,2.0,1001,2.0,1001,False,False
perm__com_diksaq_zdawvr_permission_read_settings,3,1226,3,1226,3,1001,3.0,1001,3.0,1001,False,False
perm__com_diksaq_zdawvr_permission_write_settings,3,1226,3,1226,3,1001,3.0,1001,3.0,1001,False,False
perm__com_ebproductions_android_launcher_permission_read_settings,5,1226,5,1226,5,1001,5.0,1001,5.0,1001,False,False
perm__com_ebproductions_android_launcher_permission_write_settings,5,1226,5,1226,5,1001,5.0,1001,5.0,1001,False,False
perm__com_eigho_jaiyo_dynamic_receiver_not_exported_permission,3,1226,3,1226,3,1001,3.0,1001,3.0,1001,False,False
perm__com_eporner_epang_permission_read_settings,2,1226,2,1226,2,1001,2.0,1001,2.0,1001,False,False
perm__com_eporner_epang_permission_write_settings,2,1226,2,1226,2,1001,2.0,1001,2.0,1001,False,False
perm__com_fede_launcher_permission_read_settings,5,1226,5,1226,5,1001,5.0,1001,5.0,1001,False,False
perm__com_fede_launcher_permission_write_settings,5,1226,5,1226,5,1001,5.0,1001,5.0,1001,False,False
perm__com_fourforb_aabeij_dynamic_receiver_not_exported_permission,3,1226,3,1226,3,1001,3.0,1001,3.0,1001,False,False
perm__com_fundevs_app_mediaconverter_dynamic_receiver_not_exported_permission,2,1226,2,1226,2,1001,2.0,1001,2.0,1001,False,False
perm__com_google_android_apps_photos_permission_google_photos,4,1226,4,1226,4,1001,4.0,1001,4.0,1001,False,False
perm__com_google_android_c2dm_permission_receive,162,1226,162,1226,143,1001,143.0,1001,143.0,1001,False,False
perm__com_google_android_finsky_permission_bind_get_install_referrer_service,170,1226,170,1226,144,1001,144.0,1001,144.0,1001,False,False
perm__com_google_android_gms_permission_activity_recognition,18,1226,18,1226,2,1001,2.0,1001,2.0,1001,False,False
perm__com_google_android_gms_permission_ad_id,45,1226,45,1226,35,1001,35.0,1001,35.0,1001,False,False
perm__com_google_android_providers_gsf_permission_read_gservices,9,1226,9,1226,9,1001,9.0,1001,9.0,1001,False,False
perm__com_gzrtnq_bumble_permission_read_settings,2,1226,2,1226,2,1001,2.0,1001,2.0,1001,False,False
perm__com_gzrtnq_bumble_permission_write_settings,2,1226,2,1226,2,1001,2.0,1001,2.0,1001,False,False
perm__com_gzrtnq_snapschat_permission_read_settings,3,1226,3,1226,3,1001,3.0,1001,3.0,1001,False,False
perm__com_gzrtnq_snapschat_permission_write_settings,3,1226,3,1226,3,1001,3.0,1001,3.0,1001,False,False
perm__com_htc_launcher_permission_read_settings,33,1226,33,1226,21,1001,21.0,1001,21.0,1001,False,False
perm__com_htc_launcher_permission_update_shortcut,28,1226,28,1226,16,1001,16.0,1001,16.0,1001,False,False
perm__com_htc_launcher_permission_write_settings,5,1226,5,1226,5,1001,5.0,1001,5.0,1001,False,False
perm__com_huawei_android_launcher_permission_change_badge,28,1226,28,1226,16,1001,16.0,1001,16.0,1001,False,False
perm__com_huawei_android_launcher_permission_read_settings,33,1226,33,1226,21,1001,21.0,1001,21.0,1001,False,False
perm__com_huawei_android_launcher_permission_write_settings,33,1226,33,1226,21,1001,21.0,1001,21.0,1001,False,False
perm__com_huawei_appmarket_service_commondata_permission_get_common_data,13,1226,13,1226,8,1001,8.0,1001,8.0,1001,False,False
perm__com_huawei_launcher2_permission_read_settings,5,1226,5,1226,5,1001,5.0,1001,5.0,1001,False,False
perm__com_huawei_launcher2_permission_write_settings,5,1226,5,1226,5,1001,5.0,1001,5.0,1001,False,False
perm__com_huawei_launcher3_permission_read_settings,5,1226,5,1226,5,1001,5.0,1001,5.0,1001,False,False
perm__com_huawei_launcher3_permission_write_settings,5,1226,5,1226,5,1001,5.0,1001,5.0,1001,False,False
perm__com_huawei_meetime_caas_share_service,2,1226,2,1226,2,1001,2.0,1001,2.0,1001,False,False
perm__com_huawei_permission_external_app_settings_use_component,27,1226,27,1226,27,1001,27.0,1001,27.0,1001,False,False
perm__com_hugo_permission_c2d_message,2,1226,2,1226,2,1001,2.0,1001,2.0,1001,False,False
perm__com_jio_join_permission_c2d_message,2,1226,2,1226,0,1001,,1001,,1001,True,False
perm__com_lge_launcher2_permission_read_settings,4,1226,4,1226,4,1001,4.0,1001,4.0,1001,False,False
perm__com_lge_launcher2_permission_write_settings,4,1226,4,1226,4,1001,4.0,1001,4.0,1001,False,False
perm__com_lge_launcher3_permission_read_settings,4,1226,4,1226,4,1001,4.0,1001,4.0,1001,False,False
perm__com_lge_launcher3_permission_write_settings,4,1226,4,1226,4,1001,4.0,1001,4.0,1001,False,False
perm__com_lge_launcher_permission_read_settings,5,1226,5,1226,5,1001,5.0,1001,5.0,1001,False,False
perm__com_lge_launcher_permission_write_settings,5,1226,5,1226,5,1001,5.0,1001,5.0,1001,False,False
perm__com_lqfrjz_ktnaepom_permission_read_settings,2,1226,2,1226,2,1001,2.0,1001,2.0,1001,False,False
perm__com_lqfrjz_ktnaepom_permission_write_settings,2,1226,2,1226,2,1001,2.0,1001,2.0,1001,False,False
perm__com_majeur_launcher_permission_update_badge,28,1226,28,1226,16,1001,16.0,1001,16.0,1001,False,False
perm__com_meizu_flyme_launcher_permission_read_settings,4,1226,4,1226,4,1001,4.0,1001,4.0,1001,False,False
perm__com_meizu_flyme_launcher_permission_write_settings,4,1226,4,1226,4,1001,4.0,1001,4.0,1001,False,False
perm__com_meizu_flyme_permission_push,5,1226,5,1226,0,1001,,1001,,1001,True,False
perm__com_mezwyh_owuftjkv_permission_read_settings,3,1226,3,1226,3,1001,3.0,1001,3.0,1001,False,False
perm__com_mezwyh_owuftjkv_permission_write_settings,3,1226,3,1226,3,1001,3.0,1001,3.0,1001,False,False
perm__com_miui_mihome2_permission_read_settings,4,1226,4,1226,4,1001,4.0,1001,4.0,1001,False,False
perm__com_miui_mihome2_permission_write_settings,4,1226,4,1226,4,1001,4.0,1001,4.0,1001,False,False
perm__com_moutai_mall_permission_process_push_msg,5,1226,5,1226,0,1001,,1001,,1001,True,False
perm__com_moutai_mall_permission_push_provider,5,1226,5,1226,0,1001,,1001,,1001,True,False
perm__com_oplus_bootreg_permission_oplus_bootreg_completed,2,1226,2,1226,2,1001,2.0,1001,2.0,1001,False,False
perm__com_oplus_codebook_permission_backup_and_restore,2,1226,2,1226,2,1001,2.0,1001,2.0,1001,False,False
perm__com_oplus_metis_factdata_permission_database,2,1226,2,1226,2,1001,2.0,1001,2.0,1001,False,False
perm__com_oplus_permission_safe_ai_app,2,1226,2,1226,2,1001,2.0,1001,2.0,1001,False,False
perm__com_oplus_permission_safe_app_manager,2,1226,2,1226,2,1001,2.0,1001,2.0,1001,False,False
perm__com_oplus_permission_safe_backup,2,1226,2,1226,2,1001,2.0,1001,2.0,1001,False,False
perm__com_oplus_permission_safe_connectivity,2,1226,2,1226,2,1001,2.0,1001,2.0,1001,False,False
perm__com_oplus_permission_safe_password,2,1226,2,1226,2,1001,2.0,1001,2.0,1001,False,False
perm__com_oplus_permission_safe_power,2,1226,2,1226,2,1001,2.0,1001,2.0,1001,False,False
perm__com_oplus_permission_safe_private,2,1226,2,1226,2,1001,2.0,1001,2.0,1001,False,False
perm__com_oplus_permission_safe_protect,2,1226,2,1226,2,1001,2.0,1001,2.0,1001,False,False
perm__com_oplus_permission_safe_sau,2,1226,2,1226,2,1001,2.0,1001,2.0,1001,False,False
perm__com_oplus_permission_safe_security,2,1226,2,1226,2,1001,2.0,1001,2.0,1001,False,False
perm__com_oplus_permission_safe_settings,2,1226,2,1226,2,1001,2.0,1001,2.0,1001,False,False
perm__com_oplus_permission_safe_settings_search,2,1226,2,1226,2,1001,2.0,1001,2.0,1001,False,False
perm__com_oplus_thirdkit_permission_security,2,1226,2,1226,2,1001,2.0,1001,2.0,1001,False,False
perm__com_oppo_launcher_permission_read_settings,35,1226,35,1226,23,1001,23.0,1001,23.0,1001,False,False
perm__com_oppo_launcher_permission_write_settings,35,1226,35,1226,23,1001,23.0,1001,23.0,1001,False,False
perm__com_oppo_permission_rutilcmd,2,1226,2,1226,2,1001,2.0,1001,2.0,1001,False,False
perm__com_oppo_permission_safe_backup,2,1226,2,1226,2,1001,2.0,1001,2.0,1001,False,False
perm__com_oppo_permission_safe_sau,2,1226,2,1226,2,1001,2.0,1001,2.0,1001,False,False
perm__com_oppo_permission_safe_security,2,1226,2,1226,2,1001,2.0,1001,2.0,1001,False,False
perm__com_ops_tm_permission_c2d_message,9,1226,9,1226,9,1001,9.0,1001,9.0,1001,False,False
perm__com_qihoo360_launcher_permission_read_settings,5,1226,5,1226,5,1001,5.0,1001,5.0,1001,False,False
perm__com_qihoo360_launcher_permission_write_settings,5,1226,5,1226,5,1001,5.0,1001,5.0,1001,False,False
perm__com_rez_ir_permission_c2d_message,5,1226,5,1226,5,1001,5.0,1001,5.0,1001,False,False
perm__com_samsung_android_knox_permission_knox_app_mgmt,11,1226,11,1226,11,1001,11.0,1001,11.0,1001,False,False
perm__com_samsung_android_knox_permission_knox_custom_system,11,1226,11,1226,11,1001,11.0,1001,11.0,1001,False,False
perm__com_samsung_android_knox_permission_knox_remote_control,11,1226,11,1226,11,1001,11.0,1001,11.0,1001,False,False
perm__com_sec_android_app_twlauncher_settings_read_settings,5,1226,5,1226,5,1001,5.0,1001,5.0,1001,False,False
perm__com_sec_android_app_twlauncher_settings_write_settings,5,1226,5,1226,5,1001,5.0,1001,5.0,1001,False,False
perm__com_sec_android_provider_badge_permission_read,28,1226,28,1226,16,1001,16.0,1001,16.0,1001,False,False
perm__com_sec_android_provider_badge_permission_write,28,1226,28,1226,16,1001,16.0,1001,16.0,1001,False,False
perm__com_sonyericsson_home_permission_broadcast_badge,41,1226,41,1226,29,1001,29.0,1001,29.0,1001,False,False
perm__com_sonymobile_home_permission_provider_insert_badge,41,1226,41,1226,29,1001,29.0,1001,29.0,1001,False,False
perm__com_sxsaxxa_tim_permission_c2d_message,2,1226,2,1226,2,1001,2.0,1001,2.0,1001,False,False
perm__com_tencent_qqlauncher_permission_read_settings,5,1226,5,1226,5,1001,5.0,1001,5.0,1001,False,False
perm__com_tencent_qqlauncher_permission_write_settings,5,1226,5,1226,5,1001,5.0,1001,5.0,1001,False,False
perm__com_ubuy_maitance_permission_read_settings,2,1226,2,1226,2,1001,2.0,1001,2.0,1001,False,False
perm__com_ubuy_maitance_permission_write_settings,2,1226,2,1226,2,1001,2.0,1001,2.0,1001,False,False
perm__com_vivo_permission_manage_permission_access,25,1226,25,1226,25,1001,25.0,1001,25.0,1001,False,False
perm__dangerous_count,541,1226,541,1226,423,1001,423.0,1001,423.0,1001,False,False
perm__dianxin_permission_access_launcher_data,5,1226,5,1226,5,1001,5.0,1001,5.0,1001,False,False
perm__edward_org_permission_c2d_message,10,1226,10,1226,10,1001,10.0,1001,10.0,1001,False,False
perm__enflick_permission_nativedialer,5,1226,5,1226,5,1001,5.0,1001,5.0,1001,False,False
perm__freemme_permission_msa,2,1226,2,1226,2,1001,2.0,1001,2.0,1001,False,False
perm__freemme_permission_msa_security_access,2,1226,2,1226,2,1001,2.0,1001,2.0,1001,False,False
perm__heytap_permission_cloud_access_cloud,2,1226,2,1226,2,1001,2.0,1001,2.0,1001,False,False
perm__ir_plutus_pluto_permission_c2d_message,3,1226,3,1226,3,1001,3.0,1001,3.0,1001,False,False
perm__ir_seler_sie_permission_c2d_message,2,1226,2,1226,2,1001,2.0,1001,2.0,1001,False,False
perm__ir_shz_babsixii_permission_c2d_message,2,1226,2,1226,2,1001,2.0,1001,2.0,1001,False,False
perm__ir_shz_shzkisi_permission_c2d_message,26,1226,26,1226,26,1001,26.0,1001,26.0,1001,False,False
perm__me_everything_badger_permission_badge_count_read,28,1226,28,1226,16,1001,16.0,1001,16.0,1001,False,False
perm__me_everything_badger_permission_badge_count_write,28,1226,28,1226,16,1001,16.0,1001,16.0,1001,False,False
perm__mediastore_images_media_external_content_uri,2,1226,2,1226,2,1001,2.0,1001,2.0,1001,False,False
perm__mediastore_images_media_internal_content_uri,2,1226,2,1226,2,1001,2.0,1001,2.0,1001,False,False
perm__net_dinglisch_android_tasker_permission_run_tasks,3,1226,3,1226,3,1001,3.0,1001,3.0,1001,False,False
perm__net_qihoo_launcher_permission_read_settings,5,1226,5,1226,5,1001,5.0,1001,5.0,1001,False,False
perm__net_qihoo_launcher_permission_write_settings,5,1226,5,1226,5,1001,5.0,1001,5.0,1001,False,False
perm__normal_count,607,1226,607,1226,489,1001,489.0,1001,489.0,1001,False,False
perm__oem_count,325,1226,325,1226,297,1001,297.0,1001,297.0,1001,False,False
perm__oplus_permission_oplus_component_safe,2,1226,2,1226,2,1001,2.0,1001,2.0,1001,False,False
perm__oplus_permission_phone_clone_data_migration,2,1226,2,1226,2,1001,2.0,1001,2.0,1001,False,False
perm__oplus_permission_settings_launch_for_export,2,1226,2,1226,2,1001,2.0,1001,2.0,1001,False,False
perm__oppo_permission_oppo_component_safe,28,1226,28,1226,28,1001,28.0,1001,28.0,1001,False,False
perm__org_adw_launcher_donut_permission_read_settings,5,1226,5,1226,5,1001,5.0,1001,5.0,1001,False,False
perm__org_adw_launcher_donut_permission_write_settings,5,1226,5,1226,5,1001,5.0,1001,5.0,1001,False,False
perm__org_adw_launcher_permission_read_settings,5,1226,5,1226,5,1001,5.0,1001,5.0,1001,False,False
perm__org_adw_launcher_permission_write_settings,5,1226,5,1226,5,1001,5.0,1001,5.0,1001,False,False
perm__org_adwfreak_launcher_permission_read_settings,5,1226,5,1226,5,1001,5.0,1001,5.0,1001,False,False
perm__org_adwfreak_launcher_permission_write_settings,5,1226,5,1226,5,1001,5.0,1001,5.0,1001,False,False
perm__rahbar_api_permission_c2d_message,3,1226,3,1226,3,1001,3.0,1001,3.0,1001,False,False
perm__telecom_mdesk_permission_read_settings,5,1226,5,1226,5,1001,5.0,1001,5.0,1001,False,False
perm__telecom_mdesk_permission_write_settings,5,1226,5,1226,5,1001,5.0,1001,5.0,1001,False,False
perm__total_count,607,1226,607,1226,489,1001,489.0,1001,489.0,1001,False,False
perm_grp__account_contact_count,464,1226,464,1226,366,1001,366.0,1001,366.0,1001,False,False
perm_grp__network_c2_count,602,1226,602,1226,484,1001,484.0,1001,484.0,1001,False,False
perm_grp__oem_vendor_specific_count,310,1226,310,1226,257,1001,257.0,1001,257.0,1001,False,False
perm_grp__overlay_accessibility_count,299,1226,299,1226,214,1001,214.0,1001,214.0,1001,False,False
perm_grp__package_inventory_count,414,1226,414,1226,320,1001,320.0,1001,320.0,1001,False,False
perm_grp__persistence_autostart_count,531,1226,531,1226,421,1001,421.0,1001,421.0,1001,False,False
perm_grp__sms_telephony_count,403,1226,403,1226,298,1001,298.0,1001,298.0,1001,False,False
perm_grp__storage_file_access_count,359,1226,359,1226,270,1001,270.0,1001,270.0,1001,False,False
perm_grp__surveillance_sensor_count,265,1226,265,1226,192,1001,192.0,1001,192.0,1001,False,False
