sample_id,in_governed_cohort,in_vendor_merge,in_permission_enrichment_frame,in_fused_feature_matrix,in_aligned_supervised_pool,dropped_by_family_support_filter,in_post_family_support_trainable_pool,row_retained_after_low_information_column_prune,row_retained_after_leakage_column_prune
25,True,False,True,True,True,False,True,True,True
187,True,False,True,True,True,True,False,False,False
189,True,False,True,True,True,True,False,False,False
190,True,False,True,True,True,True,False,False,False
193,True,False,True,True,True,False,True,True,True
199,True,False,True,True,True,False,True,True,True
204,True,False,True,True,True,False,True,True,True
206,True,False,True,True,True,True,False,False,False
207,True,False,True,True,True,False,True,True,True
213,True,False,True,True,True,True,False,False,False
219,True,False,True,True,True,True,False,False,False
221,True,False,True,True,True,True,False,False,False
224,True,False,True,True,True,True,False,False,False
230,True,False,True,True,True,False,True,True,True
231,True,False,True,True,True,True,False,False,False
234,True,False,True,True,True,True,False,False,False
236,True,False,True,True,True,True,False,False,False
245,True,False,True,True,True,True,False,False,False
247,True,False,True,True,True,True,False,False,False
254,True,False,True,True,True,False,True,True,True
256,True,False,True,True,True,False,True,True,True
260,True,False,True,True,True,False,True,True,True
263,True,False,True,True,True,True,False,False,False
268,True,False,True,True,True,True,False,False,False
279,True,False,True,True,True,True,False,False,False
281,True,False,True,True,True,False,True,True,True
284,True,False,True,True,True,True,False,False,False
287,True,False,True,True,True,True,False,False,False
289,True,False,True,True,True,True,False,False,False
290,True,False,True,True,True,True,False,False,False
291,True,False,True,True,True,True,False,False,False
292,True,False,True,True,True,False,True,True,True
304,True,False,True,True,True,False,True,True,True
305,True,False,True,True,True,True,False,False,False
310,True,False,True,True,True,True,False,False,False
321,True,False,True,True,True,True,False,False,False
325,True,False,True,True,True,True,False,False,False
326,True,False,True,True,True,True,False,False,False
328,True,False,True,True,True,True,False,False,False
329,True,False,True,True,True,True,False,False,False
330,True,False,True,True,True,False,True,True,True
336,True,False,True,True,True,True,False,False,False
343,True,False,True,True,True,True,False,False,False
347,True,False,True,True,True,False,True,True,True
348,True,False,True,True,True,True,False,False,False
349,True,False,True,True,True,True,False,False,False
350,True,False,True,True,True,True,False,False,False
353,True,False,True,True,True,True,False,False,False
362,True,False,True,True,True,True,False,False,False
368,True,False,True,True,True,False,True,True,True
375,True,False,True,True,True,True,False,False,False
388,True,False,True,True,True,True,False,False,False
402,True,False,True,True,True,True,False,False,False
403,True,False,True,True,True,True,False,False,False
405,True,False,True,True,True,True,False,False,False
406,True,False,True,True,True,False,True,True,True
407,True,False,True,True,True,False,True,True,True
410,True,False,True,True,True,False,True,True,True
413,True,False,True,True,True,True,False,False,False
415,True,False,True,True,True,False,True,True,True
424,True,False,True,True,True,False,True,True,True
425,True,False,True,True,True,True,False,False,False
428,True,False,True,True,True,False,True,True,True
430,True,False,True,True,True,False,True,True,True
431,True,False,True,True,True,True,False,False,False
434,True,False,True,True,True,False,True,True,True
435,True,False,True,True,True,True,False,False,False
436,True,False,True,True,True,True,False,False,False
437,True,False,True,True,True,False,True,True,True
439,True,False,True,True,True,False,True,True,True
441,True,False,True,True,True,False,True,True,True
443,True,False,True,True,True,True,False,False,False
444,True,False,True,True,True,False,True,True,True
445,True,False,True,True,True,False,True,True,True
448,True,False,True,True,True,False,True,True,True
457,True,False,True,True,True,False,True,True,True
461,True,False,True,True,True,True,False,False,False
462,True,False,True,True,True,False,True,True,True
465,True,False,True,True,True,False,True,True,True
466,True,False,True,True,True,False,True,True,True
471,True,False,True,True,True,False,True,True,True
472,True,False,True,True,True,False,True,True,True
476,True,False,True,True,True,True,False,False,False
478,True,False,True,True,True,False,True,True,True
479,True,False,True,True,True,False,True,True,True
480,True,False,True,True,True,False,True,True,True
482,True,False,True,True,True,False,True,True,True
484,True,False,True,True,True,False,True,True,True
488,True,False,True,True,True,False,True,True,True
490,True,False,True,True,True,True,False,False,False
495,True,True,True,True,True,False,True,True,True
498,True,False,True,True,True,True,False,False,False
499,True,False,True,True,True,False,True,True,True
502,True,False,True,True,True,False,True,True,True
505,True,False,True,True,True,False,True,True,True
522,True,False,True,True,True,False,True,True,True
523,True,False,True,True,True,False,True,True,True
525,True,False,True,True,True,False,True,True,True
527,True,False,True,True,True,True,False,False,False
528,True,False,True,True,True,False,True,True,True
534,True,False,True,True,True,True,False,False,False
536,True,False,True,True,True,True,False,False,False
537,True,False,True,True,True,False,True,True,True
538,True,False,True,True,True,False,True,True,True
540,True,False,True,True,True,False,True,True,True
541,True,False,True,True,True,False,True,True,True
542,True,False,True,True,True,False,True,True,True
543,True,False,True,True,True,False,True,True,True
551,True,False,True,True,True,True,False,False,False
554,True,False,True,True,True,False,True,True,True
562,True,False,True,True,True,True,False,False,False
569,True,False,True,True,True,False,True,True,True
571,True,False,True,True,True,False,True,True,True
572,True,False,True,True,True,False,True,True,True
575,True,False,True,True,True,True,False,False,False
576,True,False,True,True,True,False,True,True,True
578,True,False,True,True,True,True,False,False,False
579,True,True,True,True,True,False,True,True,True
582,True,False,True,True,True,False,True,True,True
584,True,False,True,True,True,False,True,True,True
590,True,False,True,True,True,False,True,True,True
593,True,False,True,True,True,False,True,True,True
595,True,False,True,True,True,False,True,True,True
597,True,False,True,True,True,False,True,True,True
602,True,False,True,True,True,False,True,True,True
605,True,False,True,True,True,False,True,True,True
606,True,False,True,True,True,True,False,False,False
607,True,False,True,True,True,False,True,True,True
608,True,False,True,True,True,False,True,True,True
610,True,False,True,True,True,False,True,True,True
611,True,False,True,True,True,False,True,True,True
614,True,False,True,True,True,False,True,True,True
615,True,False,True,True,True,False,True,True,True
618,True,False,True,True,True,False,True,True,True
619,True,False,True,True,True,False,True,True,True
620,True,False,True,True,True,False,True,True,True
621,True,False,True,True,True,False,True,True,True
622,True,False,True,True,True,False,True,True,True
624,True,False,True,True,True,False,True,True,True
625,True,False,True,True,True,False,True,True,True
629,True,False,True,True,True,False,True,True,True
635,True,False,True,True,True,False,True,True,True
637,True,False,True,True,True,False,True,True,True
642,True,False,True,True,True,False,True,True,True
646,True,False,True,True,True,False,True,True,True
648,True,False,True,True,True,False,True,True,True
653,True,False,True,True,True,True,False,False,False
654,True,False,True,True,True,False,True,True,True
657,True,True,True,True,True,False,True,True,True
659,True,False,True,True,True,False,True,True,True
660,True,False,True,True,True,False,True,True,True
661,True,False,True,True,True,False,True,True,True
665,True,False,True,True,True,False,True,True,True
672,True,False,True,True,True,False,True,True,True
673,True,False,True,True,True,False,True,True,True
676,True,False,True,True,True,False,True,True,True
677,True,False,True,True,True,False,True,True,True
678,True,False,True,True,True,False,True,True,True
679,True,False,True,True,True,False,True,True,True
682,True,False,True,True,True,False,True,True,True
683,True,False,True,True,True,False,True,True,True
684,True,False,True,True,True,False,True,True,True
687,True,False,True,True,True,False,True,True,True
688,True,False,True,True,True,True,False,False,False
689,True,False,True,True,True,False,True,True,True
691,True,False,True,True,True,True,False,False,False
693,True,False,True,True,True,False,True,True,True
695,True,False,True,True,True,True,False,False,False
699,True,False,True,True,True,False,True,True,True
702,True,False,True,True,True,False,True,True,True
707,True,False,True,True,True,False,True,True,True
708,True,False,True,True,True,False,True,True,True
711,True,False,True,True,True,True,False,False,False
712,True,False,True,True,True,False,True,True,True
717,True,False,True,True,True,False,True,True,True
720,True,False,True,True,True,False,True,True,True
722,True,False,True,True,True,True,False,False,False
723,True,False,True,True,True,True,False,False,False
725,True,False,True,True,True,False,True,True,True
727,True,False,True,True,True,False,True,True,True
729,True,False,True,True,True,False,True,True,True
733,True,False,True,True,True,False,True,True,True
734,True,False,True,True,True,False,True,True,True
738,True,False,True,True,True,False,True,True,True
739,True,False,True,True,True,True,False,False,False
740,True,False,True,True,True,False,True,True,True
742,True,False,True,True,True,True,False,False,False
745,True,False,True,True,True,False,True,True,True
746,True,False,True,True,True,False,True,True,True
749,True,False,True,True,True,False,True,True,True
750,True,False,True,True,True,True,False,False,False
753,True,False,True,True,True,False,True,True,True
755,True,False,True,True,True,False,True,True,True
756,True,False,True,True,True,False,True,True,True
759,True,False,True,True,True,False,True,True,True
760,True,False,True,True,True,False,True,True,True
764,True,False,True,True,True,False,True,True,True
766,True,False,True,True,True,False,True,True,True
767,True,False,True,True,True,False,True,True,True
768,True,False,True,True,True,True,False,False,False
769,True,False,True,True,True,True,False,False,False
770,True,False,True,True,True,True,False,False,False
771,True,False,True,True,True,False,True,True,True
774,True,False,True,True,True,False,True,True,True
775,True,False,True,True,True,True,False,False,False
777,True,False,True,True,True,False,True,True,True
779,True,False,True,True,True,False,True,True,True
781,True,False,True,True,True,True,False,False,False
782,True,False,True,True,True,False,True,True,True
789,True,False,True,True,True,True,False,False,False
799,True,False,True,True,True,False,True,True,True
804,True,False,True,True,True,False,True,True,True
813,True,False,True,True,True,True,False,False,False
815,True,False,True,True,True,False,True,True,True
817,True,False,True,True,True,True,False,False,False
820,True,False,True,True,True,False,True,True,True
821,True,False,True,True,True,False,True,True,True
824,True,False,True,True,True,False,True,True,True
827,True,False,True,True,True,False,True,True,True
831,True,False,True,True,True,False,True,True,True
832,True,False,True,True,True,False,True,True,True
833,True,False,True,True,True,True,False,False,False
836,True,False,True,True,True,False,True,True,True
839,True,False,True,True,True,False,True,True,True
840,True,False,True,True,True,False,True,True,True
841,True,False,True,True,True,False,True,True,True
842,True,False,True,True,True,False,True,True,True
845,True,False,True,True,True,False,True,True,True
851,True,False,True,True,True,False,True,True,True
854,True,False,True,True,True,False,True,True,True
855,True,False,True,True,True,False,True,True,True
858,True,False,True,True,True,False,True,True,True
859,True,False,True,True,True,False,True,True,True
860,True,False,True,True,True,False,True,True,True
861,True,False,True,True,True,False,True,True,True
870,True,False,True,True,True,True,False,False,False
872,True,False,True,True,True,False,True,True,True
875,True,False,True,True,True,False,True,True,True
879,True,True,True,True,True,True,False,False,False
880,True,False,True,True,True,False,True,True,True
884,True,False,True,True,True,True,False,False,False
887,True,False,True,True,True,False,True,True,True
890,True,False,True,True,True,False,True,True,True
891,True,False,True,True,True,False,True,True,True
895,True,False,True,True,True,False,True,True,True
896,True,False,True,True,True,False,True,True,True
898,True,False,True,True,True,False,True,True,True
900,True,False,True,True,True,False,True,True,True
902,True,False,True,True,True,False,True,True,True
907,True,False,True,True,True,False,True,True,True
908,True,False,True,True,True,False,True,True,True
909,True,False,True,True,True,False,True,True,True
914,True,False,True,True,True,False,True,True,True
916,True,False,True,True,True,False,True,True,True
923,True,False,True,True,True,False,True,True,True
924,True,False,True,True,True,False,True,True,True
927,True,False,True,True,True,True,False,False,False
928,True,False,True,True,True,False,True,True,True
930,True,False,True,True,True,False,True,True,True
935,True,False,True,True,True,False,True,True,True
941,True,False,True,True,True,False,True,True,True
942,True,False,True,True,True,False,True,True,True
945,True,False,True,True,True,False,True,True,True
947,True,False,True,True,True,False,True,True,True
950,True,False,True,True,True,False,True,True,True
951,True,False,True,True,True,False,True,True,True
952,True,False,True,True,True,False,True,True,True
953,True,False,True,True,True,False,True,True,True
955,True,False,True,True,True,False,True,True,True
965,True,True,True,True,True,False,True,True,True
966,True,True,True,True,True,False,True,True,True
968,True,True,True,True,True,True,False,False,False
970,True,True,True,True,True,False,True,True,True
971,True,True,True,True,True,False,True,True,True
973,True,True,True,True,True,False,True,True,True
974,True,True,True,True,True,False,True,True,True
976,True,False,True,True,True,False,True,True,True
978,True,False,True,True,True,False,True,True,True
979,True,False,True,True,True,False,True,True,True
980,True,False,True,True,True,False,True,True,True
982,True,False,True,True,True,False,True,True,True
984,True,False,True,True,True,False,True,True,True
987,True,False,True,True,True,False,True,True,True
990,True,False,True,True,True,False,True,True,True
991,True,False,True,True,True,False,True,True,True
996,True,False,True,True,True,True,False,False,False
1001,True,False,True,True,True,True,False,False,False
1002,True,True,True,True,True,False,True,True,True
1003,True,True,True,True,True,False,True,True,True
1005,True,False,True,True,True,False,True,True,True
1006,True,True,True,True,True,False,True,True,True
1007,True,False,True,True,True,False,True,True,True
1008,True,False,True,True,True,False,True,True,True
1011,True,False,True,True,True,False,True,True,True
1012,True,False,True,True,True,True,False,False,False
1015,True,False,True,True,True,False,True,True,True
1019,True,False,True,True,True,False,True,True,True
1023,True,False,True,True,True,False,True,True,True
1024,True,False,True,True,True,True,False,False,False
1025,True,False,True,True,True,False,True,True,True
1026,True,False,True,True,True,False,True,True,True
1029,True,False,True,True,True,False,True,True,True
1031,True,False,True,True,True,False,True,True,True
1034,True,False,True,True,True,False,True,True,True
1035,True,False,True,True,True,False,True,True,True
1037,True,False,True,True,True,True,False,False,False
1039,True,False,True,True,True,False,True,True,True
1041,True,False,True,True,True,False,True,True,True
1043,True,False,True,True,True,False,True,True,True
1044,True,False,True,True,True,False,True,True,True
1047,True,False,True,True,True,False,True,True,True
1050,True,False,True,True,True,True,False,False,False
1052,True,False,True,True,True,True,False,False,False
1053,True,False,True,True,True,False,True,True,True
1055,True,False,True,True,True,False,True,True,True
1056,True,False,True,True,True,False,True,True,True
1057,True,False,True,True,True,False,True,True,True
1058,True,False,True,True,True,False,True,True,True
1060,True,False,True,True,True,False,True,True,True
1065,True,False,True,True,True,False,True,True,True
1068,True,False,True,True,True,False,True,True,True
1073,True,False,True,True,True,False,True,True,True
1074,True,False,True,True,True,False,True,True,True
1075,True,False,True,True,True,False,True,True,True
1080,True,False,True,True,True,False,True,True,True
1083,True,False,True,True,True,True,False,False,False
1084,True,False,True,True,True,False,True,True,True
1086,True,False,True,True,True,False,True,True,True
1087,True,False,True,True,True,False,True,True,True
1088,True,False,True,True,True,False,True,True,True
1092,True,False,True,True,True,False,True,True,True
1094,True,False,True,True,True,False,True,True,True
1098,True,False,True,True,True,False,True,True,True
1099,True,False,True,True,True,False,True,True,True
1100,True,False,True,True,True,False,True,True,True
1102,True,False,True,True,True,False,True,True,True
1104,True,False,True,True,True,False,True,True,True
1112,True,True,True,True,True,False,True,True,True
1113,True,False,True,True,True,False,True,True,True
1114,True,False,True,True,True,False,True,True,True
1120,True,False,True,True,True,False,True,True,True
1121,True,False,True,True,True,False,True,True,True
1124,True,True,True,True,True,False,True,True,True
1126,True,False,True,True,True,False,True,True,True
1128,True,True,True,True,True,True,False,False,False
1130,True,False,True,True,True,False,True,True,True
1133,True,False,True,True,True,False,True,True,True
1134,True,False,True,True,True,False,True,True,True
1135,True,False,True,True,True,False,True,True,True
1136,True,True,True,True,True,False,True,True,True
1137,True,False,True,True,True,False,True,True,True
1140,True,False,True,True,True,False,True,True,True
1141,True,False,True,True,True,False,True,True,True
1146,True,False,True,True,True,False,True,True,True
1149,True,False,True,True,True,False,True,True,True
1151,True,True,True,True,True,False,True,True,True
1164,True,False,True,True,True,False,True,True,True
1165,True,False,True,True,True,False,True,True,True
1167,True,False,True,True,True,False,True,True,True
1173,True,False,True,True,True,False,True,True,True
1174,True,False,True,True,True,False,True,True,True
1176,True,False,True,True,True,True,False,False,False
1177,True,True,True,True,True,False,True,True,True
1179,True,False,True,True,True,False,True,True,True
1180,True,False,True,True,True,False,True,True,True
1181,True,False,True,True,True,False,True,True,True
1183,True,False,True,True,True,False,True,True,True
1185,True,False,True,True,True,False,True,True,True
1190,True,False,True,True,True,False,True,True,True
1191,True,False,True,True,True,False,True,True,True
1193,True,False,True,True,True,False,True,True,True
1194,True,False,True,True,True,False,True,True,True
1196,True,False,True,True,True,False,True,True,True
1198,True,False,True,True,True,False,True,True,True
1199,True,False,True,True,True,False,True,True,True
1203,True,False,True,True,True,False,True,True,True
1204,True,False,True,True,True,False,True,True,True
1205,True,False,True,True,True,True,False,False,False
1206,True,False,True,True,True,False,True,True,True
1207,True,False,True,True,True,False,True,True,True
1208,True,False,True,True,True,False,True,True,True
1209,True,False,True,True,True,False,True,True,True
1210,True,False,True,True,True,False,True,True,True
1211,True,False,True,True,True,False,True,True,True
1213,True,False,True,True,True,False,True,True,True
1216,True,False,True,True,True,False,True,True,True
1218,True,False,True,True,True,False,True,True,True
1219,True,False,True,True,True,False,True,True,True
1223,True,False,True,True,True,False,True,True,True
1225,True,False,True,True,True,False,True,True,True
1229,True,False,True,True,True,False,True,True,True
1230,True,False,True,True,True,False,True,True,True
1232,True,False,True,True,True,False,True,True,True
1233,True,False,True,True,True,False,True,True,True
1234,True,False,True,True,True,False,True,True,True
1237,True,False,True,True,True,False,True,True,True
1238,True,False,True,True,True,False,True,True,True
1239,True,False,True,True,True,False,True,True,True
1244,True,False,True,True,True,False,True,True,True
1250,True,False,True,True,True,False,True,True,True
1251,True,False,True,True,True,False,True,True,True
1255,True,False,True,True,True,False,True,True,True
1264,True,False,True,True,True,True,False,False,False
1265,True,False,True,True,True,False,True,True,True
1266,True,False,True,True,True,False,True,True,True
1268,True,False,True,True,True,False,True,True,True
1270,True,False,True,True,True,False,True,True,True
1272,True,False,True,True,True,False,True,True,True
1274,True,False,True,True,True,False,True,True,True
1276,True,False,True,True,True,False,True,True,True
1277,True,False,True,True,True,False,True,True,True
1278,True,False,True,True,True,False,True,True,True
1279,True,False,True,True,True,False,True,True,True
1280,True,False,True,True,True,False,True,True,True
1281,True,False,True,True,True,False,True,True,True
1284,True,False,True,True,True,True,False,False,False
1287,True,False,True,True,True,False,True,True,True
1289,True,True,True,True,True,False,True,True,True
1290,True,False,True,True,True,False,True,True,True
1294,True,True,True,True,True,False,True,True,True
1299,True,False,True,True,True,False,True,True,True
1301,True,False,True,True,True,False,True,True,True
1302,True,False,True,True,True,False,True,True,True
1303,True,False,True,True,True,False,True,True,True
1305,True,False,True,True,True,False,True,True,True
1307,True,False,True,True,True,False,True,True,True
1309,True,False,True,True,True,False,True,True,True
1311,True,False,True,True,True,False,True,True,True
1312,True,False,True,True,True,False,True,True,True
1314,True,False,True,True,True,False,True,True,True
1316,True,False,True,True,True,False,True,True,True
1317,True,False,True,True,True,False,True,True,True
1321,True,False,True,True,True,False,True,True,True
1322,True,False,True,True,True,True,False,False,False
1326,True,False,True,True,True,False,True,True,True
1327,True,False,True,True,True,False,True,True,True
1328,True,False,True,True,True,False,True,True,True
1329,True,False,True,True,True,False,True,True,True
1330,True,False,True,True,True,False,True,True,True
1331,True,False,True,True,True,False,True,True,True
1333,True,False,True,True,True,False,True,True,True
1335,True,False,True,True,True,False,True,True,True
1336,True,False,True,True,True,True,False,False,False
1340,True,False,True,True,True,False,True,True,True
1343,True,False,True,True,True,False,True,True,True
1346,True,False,True,True,True,False,True,True,True
1349,True,False,True,True,True,False,True,True,True
1352,True,False,True,True,True,False,True,True,True
1356,True,False,True,True,True,False,True,True,True
1359,True,False,True,True,True,False,True,True,True
1361,True,False,True,True,True,False,True,True,True
1365,True,False,True,True,True,False,True,True,True
1369,True,False,True,True,True,False,True,True,True
1370,True,False,True,True,True,False,True,True,True
1372,True,False,True,True,True,False,True,True,True
1374,True,False,True,True,True,False,True,True,True
1377,True,False,True,True,True,False,True,True,True
1380,True,False,True,True,True,False,True,True,True
1384,True,False,True,True,True,False,True,True,True
1387,True,False,True,True,True,True,False,False,False
1388,True,False,True,True,True,False,True,True,True
1389,True,False,True,True,True,False,True,True,True
1390,True,False,True,True,True,True,False,False,False
1396,True,False,True,True,True,False,True,True,True
1398,True,False,True,True,True,False,True,True,True
1399,True,False,True,True,True,False,True,True,True
1400,True,False,True,True,True,False,True,True,True
1401,True,False,True,True,True,False,True,True,True
1404,True,False,True,True,True,False,True,True,True
1407,True,False,True,True,True,False,True,True,True
1411,True,False,True,True,True,False,True,True,True
1413,True,False,True,True,True,False,True,True,True
1414,True,False,True,True,True,False,True,True,True
1418,True,False,True,True,True,False,True,True,True
1422,True,False,True,True,True,False,True,True,True
1424,True,False,True,True,True,False,True,True,True
1426,True,False,True,True,True,False,True,True,True
1427,True,False,True,True,True,False,True,True,True
1429,True,False,True,True,True,False,True,True,True
1430,True,False,True,True,True,False,True,True,True
1432,True,False,True,True,True,False,True,True,True
1433,True,False,True,True,True,False,True,True,True
1434,True,False,True,True,True,False,True,True,True
1437,True,False,True,True,True,False,True,True,True
1442,True,False,True,True,True,False,True,True,True
1444,True,False,True,True,True,False,True,True,True
1445,True,False,True,True,True,False,True,True,True
1446,True,False,True,True,True,True,False,False,False
1447,True,False,True,True,True,False,True,True,True
1451,True,False,True,True,True,False,True,True,True
1457,True,False,True,True,True,True,False,False,False
1459,True,False,True,True,True,False,True,True,True
1463,True,False,True,True,True,False,True,True,True
1464,True,False,True,True,True,False,True,True,True
1465,True,False,True,True,True,False,True,True,True
1467,True,False,True,True,True,False,True,True,True
1470,True,False,True,True,True,False,True,True,True
1472,True,False,True,True,True,True,False,False,False
1474,True,False,True,True,True,True,False,False,False
1476,True,False,True,True,True,False,True,True,True
1477,True,False,True,True,True,False,True,True,True
1479,True,False,True,True,True,False,True,True,True
1485,True,False,True,True,True,False,True,True,True
1488,True,False,True,True,True,False,True,True,True
1489,True,False,True,True,True,False,True,True,True
1491,True,False,True,True,True,False,True,True,True
1492,True,False,True,True,True,False,True,True,True
1495,True,False,True,True,True,True,False,False,False
1497,True,False,True,True,True,True,False,False,False
1498,True,False,True,True,True,False,True,True,True
1501,True,False,True,True,True,False,True,True,True
1505,True,False,True,True,True,False,True,True,True
1506,True,False,True,True,True,False,True,True,True
1507,True,False,True,True,True,False,True,True,True
1509,True,False,True,True,True,True,False,False,False
1510,True,False,True,True,True,False,True,True,True
1511,True,False,True,True,True,False,True,True,True
1513,True,False,True,True,True,True,False,False,False
1517,True,False,True,True,True,False,True,True,True
1519,True,False,True,True,True,False,True,True,True
1520,True,False,True,True,True,False,True,True,True
1521,True,False,True,True,True,False,True,True,True
1522,True,False,True,True,True,False,True,True,True
1531,True,False,True,True,True,False,True,True,True
1533,True,False,True,True,True,False,True,True,True
1534,True,True,True,True,True,False,True,True,True
1538,True,False,True,True,True,False,True,True,True
1539,True,False,True,True,True,True,False,False,False
1540,True,False,True,True,True,False,True,True,True
1542,True,False,True,True,True,False,True,True,True
1544,True,False,True,True,True,True,False,False,False
1547,True,False,True,True,True,False,True,True,True
1548,True,False,True,True,True,False,True,True,True
1552,True,False,True,True,True,False,True,True,True
1553,True,False,True,True,True,False,True,True,True
1556,True,False,True,True,True,True,False,False,False
1557,True,False,True,True,True,False,True,True,True
1558,True,False,True,True,True,False,True,True,True
1563,True,False,True,True,True,False,True,True,True
1566,True,False,True,True,True,True,False,False,False
1570,True,False,True,True,True,False,True,True,True
1573,True,False,True,True,True,False,True,True,True
1575,True,False,True,True,True,False,True,True,True
1578,True,False,True,True,True,False,True,True,True
1579,True,False,True,True,True,True,False,False,False
1580,True,False,True,True,True,False,True,True,True
1581,True,False,True,True,True,False,True,True,True
1583,True,False,True,True,True,True,False,False,False
1585,True,False,True,True,True,False,True,True,True
1586,True,False,True,True,True,False,True,True,True
1589,True,False,True,True,True,False,True,True,True
1590,True,False,True,True,True,False,True,True,True
1592,True,False,True,True,True,False,True,True,True
1597,True,False,True,True,True,True,False,False,False
1599,True,False,True,True,True,False,True,True,True
1604,True,False,True,True,True,False,True,True,True
1605,True,False,True,True,True,False,True,True,True
1607,True,False,True,True,True,False,True,True,True
1608,True,True,True,True,True,False,True,True,True
1609,True,False,True,True,True,False,True,True,True
1610,True,False,True,True,True,False,True,True,True
1614,True,False,True,True,True,False,True,True,True
1615,True,False,True,True,True,False,True,True,True
1616,True,False,True,True,True,False,True,True,True
1617,True,True,True,True,True,False,True,True,True
1620,True,True,True,True,True,False,True,True,True
1623,True,False,True,True,True,False,True,True,True
1624,True,False,True,True,True,False,True,True,True
1627,True,False,True,True,True,False,True,True,True
1629,True,False,True,True,True,False,True,True,True
1630,True,False,True,True,True,False,True,True,True
1633,True,False,True,True,True,False,True,True,True
1637,True,False,True,True,True,False,True,True,True
1638,True,False,True,True,True,False,True,True,True
1639,True,True,True,True,True,False,True,True,True
1643,True,False,True,True,True,False,True,True,True
1644,True,False,True,True,True,False,True,True,True
1645,True,False,True,True,True,False,True,True,True
1648,True,False,True,True,True,False,True,True,True
1650,True,False,True,True,True,False,True,True,True
1651,True,False,True,True,True,False,True,True,True
1653,True,False,True,True,True,False,True,True,True
1654,True,False,True,True,True,False,True,True,True
1659,True,False,True,True,True,True,False,False,False
1660,True,False,True,True,True,False,True,True,True
1661,True,False,True,True,True,False,True,True,True
1680,True,False,True,True,True,False,True,True,True
1682,True,False,True,True,True,False,True,True,True
1685,True,False,True,True,True,False,True,True,True
1686,True,False,True,True,True,False,True,True,True
1687,True,False,True,True,True,False,True,True,True
1695,True,False,True,True,True,False,True,True,True
1697,True,False,True,True,True,True,False,False,False
1698,True,False,True,True,True,False,True,True,True
1700,True,False,True,True,True,False,True,True,True
1701,True,False,True,True,True,True,False,False,False
1702,True,False,True,True,True,False,True,True,True
1703,True,False,True,True,True,False,True,True,True
1704,True,False,True,True,True,False,True,True,True
1705,True,False,True,True,True,True,False,False,False
1707,True,False,True,True,True,False,True,True,True
1709,True,False,True,True,True,False,True,True,True
1714,True,False,True,True,True,False,True,True,True
1716,True,False,True,True,True,False,True,True,True
1717,True,False,True,True,True,False,True,True,True
1721,True,False,True,True,True,False,True,True,True
1722,True,False,True,True,True,False,True,True,True
1723,True,False,True,True,True,False,True,True,True
1726,True,False,True,True,True,False,True,True,True
1728,True,False,True,True,True,False,True,True,True
1731,True,False,True,True,True,False,True,True,True
1734,True,False,True,True,True,False,True,True,True
1737,True,False,True,True,True,False,True,True,True
1738,True,False,True,True,True,False,True,True,True
1739,True,False,True,True,True,False,True,True,True
1742,True,False,True,True,True,False,True,True,True
1743,True,False,True,True,True,False,True,True,True
1749,True,False,True,True,True,True,False,False,False
1756,True,True,True,True,True,False,True,True,True
1758,True,True,True,True,True,False,True,True,True
1760,True,True,True,True,True,False,True,True,True
1761,True,True,True,True,True,False,True,True,True
1763,True,True,True,True,True,False,True,True,True
1766,True,True,True,True,True,False,True,True,True
1769,True,True,True,True,True,False,True,True,True
1770,True,True,True,True,True,False,True,True,True
1771,True,True,True,True,True,False,True,True,True
1773,True,True,True,True,True,False,True,True,True
1776,True,True,True,True,True,False,True,True,True
1777,True,True,True,True,True,False,True,True,True
1778,True,True,True,True,True,False,True,True,True
1779,True,True,True,True,True,False,True,True,True
1780,True,True,True,True,True,False,True,True,True
1786,True,True,True,True,True,False,True,True,True
1793,True,True,True,True,True,False,True,True,True
1794,True,True,True,True,True,False,True,True,True
1795,True,True,True,True,True,False,True,True,True
1796,True,True,True,True,True,False,True,True,True
1797,True,True,True,True,True,True,False,False,False
1799,True,True,True,True,True,False,True,True,True
1800,True,True,True,True,True,False,True,True,True
1801,True,True,True,True,True,False,True,True,True
1802,True,True,True,True,True,False,True,True,True
1804,True,True,True,True,True,False,True,True,True
1805,True,True,True,True,True,False,True,True,True
1806,True,True,True,True,True,False,True,True,True
1807,True,True,True,True,True,False,True,True,True
1809,True,True,True,True,True,False,True,True,True
1812,True,True,True,True,True,False,True,True,True
1820,True,True,True,True,True,True,False,False,False
1824,True,True,True,True,True,False,True,True,True
1830,True,True,True,True,True,False,True,True,True
1831,True,True,True,True,True,False,True,True,True
1832,True,True,True,True,True,False,True,True,True
1841,True,True,True,True,True,True,False,False,False
1842,True,True,True,True,True,True,False,False,False
1844,True,True,True,True,True,False,True,True,True
1846,True,True,True,True,True,False,True,True,True
1848,True,True,True,True,True,False,True,True,True
1850,True,True,True,True,True,False,True,True,True
1851,True,True,True,True,True,False,True,True,True
1852,True,True,True,True,True,False,True,True,True
1855,True,True,True,True,True,False,True,True,True
1858,True,True,True,True,True,False,True,True,True
1860,True,True,True,True,True,True,False,False,False
1865,True,True,True,True,True,False,True,True,True
1866,True,True,True,True,True,False,True,True,True
1867,True,True,True,True,True,False,True,True,True
1868,True,True,True,True,True,False,True,True,True
1872,True,True,True,True,True,False,True,True,True
1873,True,True,True,True,True,True,False,False,False
1874,True,True,True,True,True,False,True,True,True
1876,True,True,True,True,True,True,False,False,False
1877,True,True,True,True,True,False,True,True,True
1879,True,True,True,True,True,False,True,True,True
1880,True,True,True,True,True,True,False,False,False
1881,True,True,True,True,True,False,True,True,True
1885,True,True,True,True,True,False,True,True,True
1886,True,True,True,True,True,False,True,True,True
1888,True,True,True,True,True,False,True,True,True
1890,True,True,True,True,True,False,True,True,True
1892,True,True,True,True,True,False,True,True,True
1893,True,True,True,True,True,False,True,True,True
1894,True,True,True,True,True,False,True,True,True
1895,True,True,True,True,True,False,True,True,True
1896,True,True,True,True,True,False,True,True,True
1897,True,True,True,True,True,False,True,True,True
1905,True,True,True,True,True,False,True,True,True
1907,True,True,True,True,True,True,False,False,False
1912,True,True,True,True,True,False,True,True,True
1915,True,True,True,True,True,False,True,True,True
1916,True,True,True,True,True,False,True,True,True
1917,True,True,True,True,True,False,True,True,True
1919,True,True,True,True,True,True,False,False,False
1923,True,True,True,True,True,False,True,True,True
1924,True,True,True,True,True,True,False,False,False
1925,True,True,True,True,True,False,True,True,True
1928,True,True,True,True,True,False,True,True,True
1935,True,True,True,True,True,False,True,True,True
1938,True,True,True,True,True,False,True,True,True
1939,True,True,True,True,True,False,True,True,True
1940,True,True,True,True,True,False,True,True,True
1943,True,True,True,True,True,False,True,True,True
1947,True,True,True,True,True,False,True,True,True
1950,True,True,True,True,True,False,True,True,True
1951,True,True,True,True,True,False,True,True,True
1952,True,True,True,True,True,False,True,True,True
1957,True,True,True,True,True,False,True,True,True
1958,True,True,True,True,True,False,True,True,True
1959,True,True,True,True,True,False,True,True,True
1960,True,True,True,True,True,True,False,False,False
1961,True,True,True,True,True,False,True,True,True
1963,True,True,True,True,True,False,True,True,True
1964,True,True,True,True,True,False,True,True,True
1965,True,True,True,True,True,False,True,True,True
1967,True,True,True,True,True,False,True,True,True
1968,True,True,True,True,True,False,True,True,True
1971,True,True,True,True,True,False,True,True,True
1974,True,True,True,True,True,False,True,True,True
1978,True,True,True,True,True,True,False,False,False
1979,True,True,True,True,True,True,False,False,False
1981,True,True,True,True,True,False,True,True,True
1982,True,True,True,True,True,True,False,False,False
1986,True,True,True,True,True,False,True,True,True
1988,True,True,True,True,True,False,True,True,True
1989,True,True,True,True,True,False,True,True,True
1991,True,True,True,True,True,False,True,True,True
1993,True,True,True,True,True,False,True,True,True
1994,True,True,True,True,True,False,True,True,True
1997,True,True,True,True,True,False,True,True,True
2000,True,True,True,True,True,False,True,True,True
2002,True,True,True,True,True,True,False,False,False
2005,True,True,True,True,True,False,True,True,True
2006,True,True,True,True,True,False,True,True,True
2010,True,True,True,True,True,False,True,True,True
2011,True,True,True,True,True,False,True,True,True
2013,True,True,True,True,True,False,True,True,True
2015,True,True,True,True,True,False,True,True,True
2016,True,True,True,True,True,False,True,True,True
2018,True,True,True,True,True,False,True,True,True
2019,True,True,True,True,True,True,False,False,False
2025,True,True,True,True,True,False,True,True,True
2030,True,True,True,True,True,False,True,True,True
2031,True,True,True,True,True,False,True,True,True
2033,True,True,True,True,True,False,True,True,True
2037,True,True,True,True,True,False,True,True,True
2039,True,True,True,True,True,False,True,True,True
2040,True,True,True,True,True,False,True,True,True
2043,True,True,True,True,True,True,False,False,False
2046,True,True,True,True,True,False,True,True,True
2047,True,True,True,True,True,False,True,True,True
2049,True,True,True,True,True,False,True,True,True
2051,True,True,True,True,True,False,True,True,True
2053,True,True,True,True,True,True,False,False,False
2055,True,True,True,True,True,False,True,True,True
2058,True,True,True,True,True,True,False,False,False
2059,True,True,True,True,True,False,True,True,True
2063,True,True,True,True,True,False,True,True,True
2065,True,True,True,True,True,False,True,True,True
2067,True,True,True,True,True,False,True,True,True
2069,True,True,True,True,True,False,True,True,True
2070,True,True,True,True,True,False,True,True,True
2072,True,True,True,True,True,False,True,True,True
2074,True,True,True,True,True,False,True,True,True
2075,True,True,True,True,True,False,True,True,True
2076,True,True,True,True,True,False,True,True,True
2077,True,True,True,True,True,False,True,True,True
2078,True,True,True,True,True,False,True,True,True
2080,True,True,True,True,True,False,True,True,True
2084,True,True,True,True,True,False,True,True,True
2085,True,True,True,True,True,False,True,True,True
2086,True,True,True,True,True,False,True,True,True
2087,True,True,True,True,True,False,True,True,True
2088,True,True,True,True,True,False,True,True,True
2090,True,True,True,True,True,False,True,True,True
2093,True,True,True,True,True,False,True,True,True
2094,True,True,True,True,True,True,False,False,False
2097,True,True,True,True,True,False,True,True,True
2101,True,True,True,True,True,False,True,True,True
2102,True,True,True,True,True,False,True,True,True
2103,True,True,True,True,True,False,True,True,True
2106,True,True,True,True,True,False,True,True,True
2107,True,True,True,True,True,False,True,True,True
2108,True,True,True,True,True,False,True,True,True
2109,True,True,True,True,True,False,True,True,True
2111,True,True,True,True,True,False,True,True,True
2114,True,True,True,True,True,False,True,True,True
2117,True,True,True,True,True,False,True,True,True
2120,True,True,True,True,True,False,True,True,True
2121,True,True,True,True,True,False,True,True,True
2128,True,True,True,True,True,False,True,True,True
2129,True,True,True,True,True,False,True,True,True
2132,True,True,True,True,True,False,True,True,True
2135,True,True,True,True,True,False,True,True,True
2136,True,True,True,True,True,False,True,True,True
2137,True,True,True,True,True,False,True,True,True
2139,True,True,True,True,True,False,True,True,True
2140,True,True,True,True,True,False,True,True,True
2142,True,True,True,True,True,False,True,True,True
2145,True,True,True,True,True,False,True,True,True
2146,True,True,True,True,True,True,False,False,False
2147,True,True,True,True,True,False,True,True,True
2148,True,True,True,True,True,False,True,True,True
2150,True,True,True,True,True,False,True,True,True
2153,True,True,True,True,True,True,False,False,False
2157,True,True,True,True,True,False,True,True,True
2158,True,True,True,True,True,False,True,True,True
2160,True,True,True,True,True,False,True,True,True
2162,True,True,True,True,True,False,True,True,True
2166,True,True,True,True,True,False,True,True,True
2167,True,True,True,True,True,False,True,True,True
2168,True,True,True,True,True,True,False,False,False
2170,True,True,True,True,True,False,True,True,True
2172,True,True,True,True,True,True,False,False,False
2174,True,True,True,True,True,False,True,True,True
2175,True,True,True,True,True,False,True,True,True
2177,True,True,True,True,True,False,True,True,True
2178,True,True,True,True,True,False,True,True,True
2181,True,True,True,True,True,False,True,True,True
2186,True,True,True,True,True,False,True,True,True
2189,True,True,True,True,True,False,True,True,True
2191,True,True,True,True,True,True,False,False,False
2192,True,True,True,True,True,False,True,True,True
2194,True,True,True,True,True,False,True,True,True
2197,True,True,True,True,True,True,False,False,False
2200,True,True,True,True,True,False,True,True,True
2201,True,True,True,True,True,False,True,True,True
2202,True,True,True,True,True,False,True,True,True
2203,True,True,True,True,True,False,True,True,True
2204,True,True,True,True,True,False,True,True,True
2205,True,True,True,True,True,False,True,True,True
2207,True,True,True,True,True,False,True,True,True
2211,True,True,True,True,True,False,True,True,True
2212,True,True,True,True,True,True,False,False,False
2216,True,True,True,True,True,False,True,True,True
2217,True,True,True,True,True,False,True,True,True
2219,True,True,True,True,True,False,True,True,True
2220,True,True,True,True,True,False,True,True,True
2223,True,True,True,True,True,False,True,True,True
2225,True,True,True,True,True,False,True,True,True
2226,True,True,True,True,True,False,True,True,True
2227,True,True,True,True,True,False,True,True,True
2228,True,True,True,True,True,False,True,True,True
2231,True,True,True,True,True,False,True,True,True
2234,True,True,True,True,True,False,True,True,True
2236,True,True,True,True,True,False,True,True,True
2239,True,True,True,True,True,False,True,True,True
2241,True,True,True,True,True,False,True,True,True
2243,True,True,True,True,True,False,True,True,True
2245,True,True,True,True,True,False,True,True,True
2246,True,True,True,True,True,False,True,True,True
2247,True,True,True,True,True,True,False,False,False
2248,True,True,True,True,True,False,True,True,True
2249,True,True,True,True,True,False,True,True,True
2250,True,True,True,True,True,False,True,True,True
2252,True,True,True,True,True,False,True,True,True
2253,True,True,True,True,True,False,True,True,True
2255,True,True,True,True,True,False,True,True,True
2257,True,True,True,True,True,False,True,True,True
2261,True,True,True,True,True,False,True,True,True
2268,True,True,True,True,True,True,False,False,False
2269,True,True,True,True,True,False,True,True,True
2270,True,True,True,True,True,False,True,True,True
2271,True,True,True,True,True,True,False,False,False
2272,True,True,True,True,True,False,True,True,True
2273,True,True,True,True,True,False,True,True,True
2277,True,True,True,True,True,False,True,True,True
2279,True,True,True,True,True,False,True,True,True
2280,True,True,True,True,True,False,True,True,True
2281,True,True,True,True,True,False,True,True,True
2282,True,True,True,True,True,False,True,True,True
2283,True,True,True,True,True,False,True,True,True
2285,True,True,True,True,True,False,True,True,True
2286,True,True,True,True,True,False,True,True,True
2287,True,True,True,True,True,False,True,True,True
2288,True,True,True,True,True,False,True,True,True
2291,True,True,True,True,True,True,False,False,False
2294,True,True,True,True,True,False,True,True,True
2295,True,True,True,True,True,False,True,True,True
2297,True,True,True,True,True,True,False,False,False
2300,True,True,True,True,True,True,False,False,False
2301,True,True,True,True,True,False,True,True,True
2302,True,True,True,True,True,False,True,True,True
2303,True,True,True,True,True,False,True,True,True
2304,True,True,True,True,True,False,True,True,True
2306,True,True,True,True,True,False,True,True,True
2308,True,True,True,True,True,False,True,True,True
2309,True,True,True,True,True,False,True,True,True
2312,True,True,True,True,True,False,True,True,True
2313,True,True,True,True,True,False,True,True,True
2314,True,True,True,True,True,False,True,True,True
2315,True,True,True,True,True,False,True,True,True
2316,True,True,True,True,True,True,False,False,False
2319,True,True,True,True,True,False,True,True,True
2320,True,True,True,True,True,False,True,True,True
2323,True,True,True,True,True,False,True,True,True
2324,True,True,True,True,True,False,True,True,True
2325,True,True,True,True,True,True,False,False,False
2328,True,True,True,True,True,False,True,True,True
2329,True,True,True,True,True,False,True,True,True
2330,True,True,True,True,True,False,True,True,True
2333,True,True,True,True,True,False,True,True,True
2334,True,True,True,True,True,False,True,True,True
2335,True,True,True,True,True,False,True,True,True
2336,True,True,True,True,True,False,True,True,True
2337,True,True,True,True,True,True,False,False,False
2338,True,True,True,True,True,False,True,True,True
2339,True,True,True,True,True,True,False,False,False
2340,True,True,True,True,True,False,True,True,True
2343,True,True,True,True,True,False,True,True,True
2347,True,True,True,True,True,False,True,True,True
2359,True,True,True,True,True,False,True,True,True
2361,True,True,True,True,True,False,True,True,True
2362,True,True,True,True,True,False,True,True,True
2363,True,True,True,True,True,False,True,True,True
2365,True,True,True,True,True,True,False,False,False
2367,True,True,True,True,True,False,True,True,True
2368,True,True,True,True,True,True,False,False,False
2374,True,True,True,True,True,False,True,True,True
2375,True,True,True,True,True,False,True,True,True
2376,True,True,True,True,True,False,True,True,True
2378,True,True,True,True,True,True,False,False,False
2379,True,True,True,True,True,False,True,True,True
2382,True,True,True,True,True,False,True,True,True
2384,True,True,True,True,True,False,True,True,True
2386,True,True,True,True,True,False,True,True,True
2390,True,True,True,True,True,False,True,True,True
2392,True,True,True,True,True,False,True,True,True
2398,True,True,True,True,True,False,True,True,True
2400,True,True,True,True,True,False,True,True,True
2402,True,True,True,True,True,False,True,True,True
2405,True,True,True,True,True,False,True,True,True
2407,True,True,True,True,True,False,True,True,True
2408,True,True,True,True,True,True,False,False,False
2409,True,True,True,True,True,False,True,True,True
2410,True,True,True,True,True,False,True,True,True
2413,True,True,True,True,True,False,True,True,True
2418,True,True,True,True,True,True,False,False,False
2419,True,True,True,True,True,False,True,True,True
9262,True,True,True,True,True,False,True,True,True
9263,True,True,True,True,True,False,True,True,True
9264,True,True,True,True,True,False,True,True,True
9265,True,True,True,True,True,False,True,True,True
9266,True,True,True,True,True,False,True,True,True
9267,True,True,True,True,True,False,True,True,True
9268,True,True,True,True,True,False,True,True,True
9269,True,True,True,True,True,False,True,True,True
9270,True,True,True,True,True,False,True,True,True
9271,True,True,True,True,True,False,True,True,True
9272,True,True,True,True,True,False,True,True,True
9273,True,True,True,True,True,False,True,True,True
9274,True,True,True,True,True,False,True,True,True
9275,True,True,True,True,True,False,True,True,True
9276,True,True,True,True,True,False,True,True,True
9277,True,True,True,True,True,False,True,True,True
9278,True,True,True,True,True,False,True,True,True
9279,True,True,True,True,True,False,True,True,True
9280,True,True,True,True,True,False,True,True,True
9281,True,True,True,True,True,False,True,True,True
9282,True,True,True,True,True,False,True,True,True
9283,True,True,True,True,True,False,True,True,True
9284,True,True,True,True,True,False,True,True,True
9285,True,True,True,True,True,False,True,True,True
9286,True,True,True,True,True,False,True,True,True
9287,True,True,True,True,True,False,True,True,True
9288,True,True,True,True,True,False,True,True,True
9289,True,True,True,True,True,False,True,True,True
9290,True,True,True,True,True,False,True,True,True
9291,True,True,True,True,True,False,True,True,True
10027,True,False,True,True,True,False,True,True,True
10028,True,False,True,True,True,False,True,True,True
10029,True,False,True,True,True,False,True,True,True
10030,True,False,True,True,True,False,True,True,True
10031,True,False,True,True,True,False,True,True,True
10032,True,False,True,True,True,False,True,True,True
10033,True,False,True,True,True,False,True,True,True
10034,True,False,True,True,True,False,True,True,True
10035,True,False,True,True,True,False,True,True,True
10036,True,False,True,True,True,False,True,True,True
10037,True,False,True,True,True,False,True,True,True
10038,True,False,True,True,True,False,True,True,True
10053,True,False,True,True,True,False,True,True,True
13360,True,True,True,True,True,True,False,False,False
13364,True,True,True,True,True,True,False,False,False
13366,True,True,True,True,True,True,False,False,False
14825,True,True,True,True,True,False,True,True,True
14827,True,True,True,True,True,False,True,True,True
14944,True,True,True,True,True,True,False,False,False
14946,True,True,True,True,True,True,False,False,False
14948,True,True,True,True,True,True,False,False,False
14956,True,True,True,True,True,True,False,False,False
14958,True,True,True,True,True,False,True,True,True
14960,True,True,True,True,True,False,True,True,True
14962,True,True,True,True,True,False,True,True,True
14964,True,True,True,True,True,False,True,True,True
14966,True,True,True,True,True,False,True,True,True
14968,True,True,True,True,True,False,True,True,True
14970,True,True,True,True,True,False,True,True,True
14972,True,True,True,True,True,False,True,True,True
14974,True,True,True,True,True,False,True,True,True
14976,True,True,True,True,True,False,True,True,True
14978,True,True,True,True,True,False,True,True,True
14980,True,True,True,True,True,False,True,True,True
14982,True,True,True,True,True,False,True,True,True
14984,True,True,True,True,True,False,True,True,True
14989,True,True,True,True,True,True,False,False,False
15222,True,True,True,True,True,True,False,False,False
15224,True,True,True,True,True,False,True,True,True
15226,True,True,True,True,True,False,True,True,True
15228,True,True,True,True,True,True,False,False,False
15230,True,True,True,True,True,False,True,True,True
15232,True,True,True,True,True,False,True,True,True
15234,True,True,True,True,True,False,True,True,True
15238,True,True,True,True,True,False,True,True,True
15240,True,True,True,True,True,False,True,True,True
15242,True,True,True,True,True,False,True,True,True
15244,True,True,True,True,True,False,True,True,True
15246,True,True,True,True,True,False,True,True,True
15248,True,True,True,True,True,False,True,True,True
15250,True,True,True,True,True,True,False,False,False
15252,True,True,True,True,True,True,False,False,False
15254,True,True,True,True,True,True,False,False,False
15256,True,True,True,True,True,True,False,False,False
15258,True,True,True,True,True,True,False,False,False
15260,True,True,True,True,True,True,False,False,False
15262,True,True,True,True,True,True,False,False,False
15264,True,True,True,True,True,True,False,False,False
15266,True,True,True,True,True,True,False,False,False
15268,True,True,True,True,True,True,False,False,False
15270,True,True,True,True,True,True,False,False,False
15272,True,True,True,True,True,True,False,False,False
15274,True,True,True,True,True,True,False,False,False
15276,True,True,True,True,True,True,False,False,False
15278,True,True,True,True,True,False,True,True,True
15280,True,True,True,True,True,False,True,True,True
15282,True,True,True,True,True,False,True,True,True
15284,True,True,True,True,True,False,True,True,True
15286,True,True,True,True,True,False,True,True,True
15288,True,True,True,True,True,False,True,True,True
15290,True,True,True,True,True,False,True,True,True
15292,True,True,True,True,True,False,True,True,True
15294,True,True,True,True,True,False,True,True,True
15296,True,True,True,True,True,False,True,True,True
15298,True,True,True,True,True,False,True,True,True
15300,True,True,True,True,True,False,True,True,True
15302,True,True,True,True,True,False,True,True,True
15304,True,True,True,True,True,False,True,True,True
15306,True,True,True,True,True,False,True,True,True
15308,True,True,True,True,True,False,True,True,True
15310,True,True,True,True,True,False,True,True,True
15312,True,True,True,True,True,False,True,True,True
15314,True,True,True,True,True,False,True,True,True
15316,True,True,True,True,True,False,True,True,True
15318,True,True,True,True,True,False,True,True,True
15320,True,True,True,True,True,False,True,True,True
15322,True,True,True,True,True,False,True,True,True
15324,True,True,True,True,True,False,True,True,True
15326,True,True,True,True,True,False,True,True,True
15328,True,True,True,True,True,False,True,True,True
15330,True,True,True,True,True,False,True,True,True
15332,True,True,True,True,True,False,True,True,True
15334,True,True,True,True,True,False,True,True,True
15336,True,True,True,True,True,False,True,True,True
15338,True,True,True,True,True,False,True,True,True
15340,True,True,True,True,True,False,True,True,True
15342,True,True,True,True,True,False,True,True,True
15344,True,True,True,True,True,False,True,True,True
15347,True,True,True,True,True,False,True,True,True
15349,True,True,True,True,True,False,True,True,True
15351,True,True,True,True,True,False,True,True,True
15353,True,True,True,True,True,False,True,True,True
15355,True,True,True,True,True,False,True,True,True
15357,True,True,True,True,True,False,True,True,True
15359,True,True,True,True,True,False,True,True,True
15361,True,True,True,True,True,False,True,True,True
15363,True,True,True,True,True,False,True,True,True
15365,True,True,True,True,True,False,True,True,True
15367,True,True,True,True,True,False,True,True,True
15369,True,True,True,True,True,False,True,True,True
15371,True,True,True,True,True,False,True,True,True
15373,True,True,True,True,True,False,True,True,True
15375,True,True,True,True,True,False,True,True,True
15377,True,True,True,True,True,False,True,True,True
15381,True,True,True,True,True,False,True,True,True
15383,True,True,True,True,True,False,True,True,True
15385,True,True,True,True,True,False,True,True,True
15387,True,True,True,True,True,False,True,True,True
15389,True,True,True,True,True,False,True,True,True
15391,True,True,True,True,True,False,True,True,True
15393,True,True,True,True,True,False,True,True,True
15395,True,True,True,True,True,False,True,True,True
15397,True,True,True,True,True,False,True,True,True
15399,True,True,True,True,True,False,True,True,True
15401,True,True,True,True,True,False,True,True,True
15403,True,True,True,True,True,False,True,True,True
15405,True,True,True,True,True,False,True,True,True
15553,True,True,True,True,True,False,True,True,True
15554,True,True,True,True,True,False,True,True,True
15555,True,True,True,True,True,False,True,True,True
15556,True,True,True,True,True,False,True,True,True
15557,True,True,True,True,True,False,True,True,True
15558,True,True,True,True,True,False,True,True,True
15559,True,True,True,True,True,False,True,True,True
15572,True,True,True,True,True,False,True,True,True
15575,True,True,True,True,True,False,True,True,True
15577,True,True,True,True,True,False,True,True,True
15578,True,True,True,True,True,False,True,True,True
15582,True,True,True,True,True,False,True,True,True
15583,True,True,True,True,True,False,True,True,True
15584,True,True,True,True,True,False,True,True,True
20323,True,True,True,True,True,True,False,False,False
20324,True,True,True,True,True,True,False,False,False
20325,True,True,True,True,True,True,False,False,False
20326,True,True,True,True,True,True,False,False,False
20327,True,True,True,True,True,True,False,False,False
20328,True,True,True,True,True,True,False,False,False
20330,True,True,True,True,True,True,False,False,False
20332,True,True,True,True,True,True,False,False,False
20334,True,True,True,True,True,True,False,False,False
20336,True,True,True,True,True,True,False,False,False
20338,True,True,True,True,True,True,False,False,False
20340,True,True,True,True,True,False,True,True,True
20342,True,True,True,True,True,False,True,True,True
20344,True,True,True,True,True,False,True,True,True
20346,True,True,True,True,True,False,True,True,True
20348,True,True,True,True,True,False,True,True,True
20350,True,True,True,True,True,False,True,True,True
20352,True,True,True,True,True,False,True,True,True
20354,True,True,True,True,True,True,False,False,False
20356,True,True,True,True,True,True,False,False,False
20380,True,True,True,True,True,False,True,True,True
20382,True,True,True,True,True,False,True,True,True
20384,True,True,True,True,True,False,True,True,True
20386,True,True,True,True,True,False,True,True,True
20388,True,True,True,True,True,False,True,True,True
20390,True,True,True,True,True,False,True,True,True
20392,True,True,True,True,True,False,True,True,True
20394,True,True,True,True,True,False,True,True,True
20396,True,True,True,True,True,False,True,True,True
20398,True,True,True,True,True,False,True,True,True
20400,True,True,True,True,True,False,True,True,True
20402,True,True,True,True,True,False,True,True,True
20404,True,True,True,True,True,False,True,True,True
20406,True,True,True,True,True,False,True,True,True
20408,True,True,True,True,True,False,True,True,True
20410,True,True,True,True,True,False,True,True,True
20412,True,True,True,True,True,False,True,True,True
20414,True,True,True,True,True,False,True,True,True
20416,True,True,True,True,True,False,True,True,True
20418,True,True,True,True,True,False,True,True,True
20420,True,True,True,True,True,False,True,True,True
20422,True,True,True,True,True,False,True,True,True
20424,True,True,True,True,True,False,True,True,True
20426,True,True,True,True,True,False,True,True,True
20428,True,True,True,True,True,False,True,True,True
20430,True,True,True,True,True,False,True,True,True
20432,True,True,True,True,True,False,True,True,True
20434,True,True,True,True,True,True,False,False,False
20436,True,True,True,True,True,True,False,False,False
20438,True,True,True,True,True,True,False,False,False
20440,True,True,True,True,True,True,False,False,False
20442,True,True,True,True,True,True,False,False,False
20444,True,True,True,True,True,True,False,False,False
20446,True,True,True,True,True,True,False,False,False
20448,True,True,True,True,True,True,False,False,False
20450,True,True,True,True,True,True,False,False,False
20452,True,True,True,True,True,True,False,False,False
20454,True,True,True,True,True,True,False,False,False
20456,True,True,True,True,True,True,False,False,False
20458,True,True,True,True,True,True,False,False,False
20460,True,True,True,True,True,True,False,False,False
20462,True,True,True,True,True,True,False,False,False
20506,True,True,True,True,True,True,False,False,False
20508,True,True,True,True,True,True,False,False,False
20512,True,True,True,True,True,True,False,False,False
20520,True,True,True,True,True,True,False,False,False
20522,True,True,True,True,True,True,False,False,False
20524,True,True,True,True,True,True,False,False,False
20532,True,True,True,True,True,True,False,False,False
20536,True,True,True,True,True,True,False,False,False
20538,True,True,True,True,True,True,False,False,False
20540,True,True,True,True,True,True,False,False,False
20542,True,True,True,True,True,True,False,False,False
20544,True,True,True,True,True,False,True,True,True
20546,True,True,True,True,True,False,True,True,True
20548,True,True,True,True,True,False,True,True,True
20550,True,True,True,True,True,False,True,True,True
20552,True,True,True,True,True,False,True,True,True
20554,True,True,True,True,True,False,True,True,True
20556,True,True,True,True,True,False,True,True,True
20558,True,True,True,True,True,False,True,True,True
20560,True,True,True,True,True,False,True,True,True
20562,True,True,True,True,True,False,True,True,True
20564,True,True,True,True,True,False,True,True,True
20566,True,True,True,True,True,False,True,True,True
20568,True,True,True,True,True,False,True,True,True
20570,True,True,True,True,True,False,True,True,True
20572,True,True,True,True,True,False,True,True,True
20574,True,True,True,True,True,False,True,True,True
20576,True,True,True,True,True,False,True,True,True
20578,True,True,True,True,True,False,True,True,True
20580,True,True,True,True,True,False,True,True,True
20582,True,True,True,True,True,False,True,True,True
20594,True,True,True,True,True,False,True,True,True
20596,True,True,True,True,True,False,True,True,True
20600,True,True,True,True,True,False,True,True,True
20602,True,True,True,True,True,False,True,True,True
20604,True,True,True,True,True,False,True,True,True
20606,True,True,True,True,True,False,True,True,True
20608,True,True,True,True,True,False,True,True,True
20610,True,True,True,True,True,False,True,True,True
20612,True,True,True,True,True,False,True,True,True
20614,True,True,True,True,True,False,True,True,True
20616,True,True,True,True,True,False,True,True,True
20618,True,True,True,True,True,False,True,True,True
20620,True,True,True,True,True,False,True,True,True
20622,True,True,True,True,True,False,True,True,True
20624,True,True,True,True,True,False,True,True,True
20626,True,True,True,True,True,False,True,True,True
20628,True,True,True,True,True,False,True,True,True
20630,True,True,True,True,True,False,True,True,True
20632,True,True,True,True,True,False,True,True,True
20634,True,True,True,True,True,False,True,True,True
20636,True,True,True,True,True,False,True,True,True
20638,True,True,True,True,True,False,True,True,True
20640,True,True,True,True,True,False,True,True,True
