sample_id,sha256_x,family_id_x,family_canonical,type_slug,source_batch_label,android_package_name_x,effective_first_seen_at_utc_x,current_gate_reason,sha256_y,family_id_y,family_canonical_current,type_slug_current,source_batch_label_current,android_package_name_y,effective_first_seen_at_utc_y,in_locked_membership,in_current_governed,in_full_catalog
193,509c80badaf0efb77b360c7ae7129213d79d11614e81242231a6b47017bf026c,107.0,Piom,banker,,com.scn.ner.pdfdoc.bright.ing,2020-12-26 15:41:35+00:00,below_min_samples_per_family,,,,,,,,True,False,True
204,19e4f566c9193ab381828b390be24b63fc7c5ba32a4799bee2dc2890204f5833,47.0,RoamingMantis,banker,,com.indiano1.post101,2020-06-25 00:00:00+00:00,below_min_samples_per_family,,,,,,,,True,False,True
206,889392ed44a613bb3618f6b9a05a663f801c9cd7086ff8d3d7531c3bc57d97be,1.0,Anubis,banker,,wocwvy.czyxoxmbauu.slsa,2020-03-16 21:26:54+00:00,below_min_samples_per_family,,,,,,,,True,False,True
224,51f9c37c3eec0b6f8325aa1c8fe64a0615ab920584042df557426473b1270b40,2.0,BlackRock,banker,,ayxzygxgagiqhdnjnfduerzbeh.hme.egybgkeziplb,2020-06-27 11:25:16+00:00,below_min_samples_per_family,,,,,,,,True,False,True
256,1915ea279e8e5f518e766c9e3363d651891cc4e63951c1dbca0d6e600673d972,47.0,RoamingMantis,banker,,com.superroyalindia.depost6,2020-07-01 00:00:00+00:00,below_min_samples_per_family,,,,,,,,True,False,True
279,1a8c17ad1a790554278b055bdb946d4597ba9af6be3611ee6311b90c7f7848c5,8.0,EventBot,banker,,com.example.eventbot,2020-03-14 17:52:17+00:00,below_min_samples_per_family,,,,,,,,True,False,True
281,359e1c533e8008969031255977493f6d07026879b7a39f3cfd4e8a3615db529f,47.0,RoamingMantis,banker,,com.royalindia.post1,2020-06-21 00:00:00+00:00,below_min_samples_per_family,,,,,,,,True,False,True
284,7b1ac3a8caa556c9208d4db62395cca2f8a53420e5d51a1537bc45622e41b63f,8.0,EventBot,banker,,com.example.eventbot,2020-03-19 11:30:58+00:00,below_min_samples_per_family,,,,,,,,True,False,True
287,9036c11e760bbb9ba57b54c7bef97e24dd838f0ca9478f50e83d82a808881251,39.0,GINP,banker,,egrkydkaidgcpisfbqx.goo.rcbghaeacxkpeqi,2020-04-01 18:12:49+00:00,below_min_samples_per_family,,,,,,,,True,False,True
290,3b61e0bf8eef614c6a6b8d9bf09b78e4c3db5bfabcdd8888d1042b5fd28959fe,8.0,EventBot,banker,,com.example.eventbot,2021-01-12 00:00:00+00:00,below_min_samples_per_family,,,,,,,,True,False,True
305,6c0c788eddaf228df9c7f95ced4ea95dcb384b8dabcdd579dedba56915107779,8.0,EventBot,banker,,com.example.eventbot,2020-03-19 04:40:59+00:00,below_min_samples_per_family,,,,,,,,True,False,True
310,fdb64ef888a0f1fe8c305453803b3ee7029dc0d4f42c70af34b6d4aaee4359b4,1.0,Anubis,banker,,net.eighttennight.tek.views20201115,2020-11-16 10:24:14+00:00,below_min_samples_per_family,,,,,,,,True,False,True
325,6fa4baef8a811f429cee4b383d7a4776b7b363b62551c8d8e0f93bad33adefbd,2.0,BlackRock,banker,,cmbmpqod.bfrtuduawoyhr.mlmrncmjbdecuc,2020-06-29 11:35:13+00:00,below_min_samples_per_family,,,,,,,,True,False,True
326,b8d245b62fdb7370aaef0133b62c25c3eb60d2d0f15d8170b2255c26d489a589,1.0,Anubis,banker,,wteu.cjvow.ldkanccrhcxhrj,2020-05-13 22:20:10+00:00,below_min_samples_per_family,,,,,,,,True,False,True
328,dfb54d6c468271c73865d45e54b9dd942a18e716d608cf9233f1122cf79bab8c,1.0,Anubis,banker,,com.turenak.ch,2020-03-22 11:40:03+00:00,below_min_samples_per_family,,,,,,,,True,False,True
329,7711f2515fa68fcb75459a90b9d0102569435cdfbaacb35b23828ab17d6a0987,1.0,Anubis,banker,,com.rsksbgdkgcae.fvogspmykjv,2020-04-09 10:50:39+00:00,below_min_samples_per_family,,,,,,,,True,False,True
336,c38c675a4342052a18e969e839cce797fef842b9d53032882966a3731ced0a70,1.0,Anubis,banker,,wocwvy.czyxoxmbauu.slsa,2021-12-15 00:00:00+00:00,below_min_samples_per_family,,,,,,,,True,False,True
343,fcc8e879421efa4a87c18771ad6a5e20960dbdf80222f34024d110922a9ae63a,1.0,Anubis,banker,,fyanuggduafxahhs.pcwqxwlmjrcxlufxieog.kaglywewk,2020-02-10 17:37:21+00:00,below_min_samples_per_family,,,,,,,,True,False,True
349,9687682ceb5bcb544331eabd61ec3b65accbc691609691f826518d40d2d5304b,1.0,Anubis,banker,,wocwvy.czyxoxmbauu.slsa,2020-02-14 01:32:43+00:00,below_min_samples_per_family,,,,,,,,True,False,True
350,7d34aaf84754fb247507681bcd821f9533f24c6d78aa6779a11f4d789d4822ee,2.0,BlackRock,banker,,fpjwhqsl.dzpycoeasyhs.cwnporwocambskrxcxiug,2020-06-27 11:40:05+00:00,below_min_samples_per_family,,,,,,,,True,False,True
362,d1fa9401808354978fc1aa91165b88c265b549915211e2f0294e7f38db9af8dc,1.0,Anubis,banker,,drdwdqauhhpmcupllolq.nldyxmytssfdufjcdampgkg.njlwxhyhpncfwfnucofygaeaosa,2020-03-10 07:22:39+00:00,below_min_samples_per_family,,,,,,,,True,False,True
402,57f8a57320eeed2f5b5a316d67319191ce717cc51384318966b61f95722e275f,5.0,SharkBot,banker,,com.pycdvgljmfgh3hgp8jo72giu.omflsx1q2g,2021-12-16 00:00:00+00:00,below_min_samples_per_family,,,,,,,,True,False,True
403,8a6889610a18296e812fabd0a4ceb8b75caadc5cec1b39e8173c3e0093fd3a57,18.0,SOVA,banker,,com.adobe.flashplayer,2021-09-10 00:00:00+00:00,below_min_samples_per_family,,,,,,,,True,False,True
405,efb92fb17348eb10ba3a93ab004422c30bcf8ae72f302872e9ef3263c47133a7,18.0,SOVA,banker,,com.sigki.ckmelxlbecx,2021-09-10 00:00:00+00:00,below_min_samples_per_family,,,,,,,,True,False,True
413,02e30e57604445d22a6ba0e9386335c6d37a936164a319d993649521cf223c24,6.0,TeaBot,banker,,safe.enable.tooth,2021-09-17 18:22:13+00:00,below_min_samples_per_family,,,,,,,,True,False,True
424,29fcd54d592a67621c558a115705ad81dafbd7b022631f25c3baae954db4464b,129.0,Wroba,banker,,com.gmr.keep,2021-03-11 08:11:38+00:00,below_min_samples_per_family,,,,,,,,True,False,True
436,4067054f202cc8e87557915783d4468b54985c5cc7b0b57df98ffbb106475196,6.0,TeaBot,banker,,trust.royal.vibrant,2021-06-03 00:00:00+00:00,below_min_samples_per_family,,,,,,,,True,False,True
441,9bead1455bfa9ac0e2f9ecd7edebfdc82a4004fced0d338e38f094c3ce39bcba,129.0,Wroba,banker,,com.mr.keep,2021-03-08 13:42:19+00:00,below_min_samples_per_family,,,,,,,,True,False,True
443,6c22b79c6f78f4954536c7d2b48c88e5403f7b0e5a3ddc41b6e5c0a177e44dd5,50.0,TangleBot,spyware,,com.ltjkqj.erfycvar,2021-09-21 17:00:13+00:00,below_min_samples_per_family,,,,,,,,True,False,True
444,ea30098ff2dd1d097093ce705d1e4324c8df385e7b227c1a771882cabee18362,129.0,Wroba,banker,,com.gmr.keep,2020-06-11 00:00:00+00:00,below_min_samples_per_family,,,,,,,,True,False,True
476,495a0621b2afc6adefbf17dc6c3cf5e92ba8227ac6939a20439b1b9dde878617,17.0,Ermac,banker,,com.tafupqzpqgmn.tmnhkq,2021-12-17 00:00:00+00:00,below_min_samples_per_family,,,,,,,,True,False,True
490,1d8ffa729c0decd436624669e8ff65076ab567cd2b5b52f703b7d5528db8c67e,6.0,TeaBot,banker,,question.cancel.cradle,2021-06-03 00:00:00+00:00,below_min_samples_per_family,,,,,,,,True,False,True
498,65619e3afe53268f5cbe5eae6a429f23e712c4412eda8c70dcfd3ebb25382894,17.0,Ermac,banker,,com.czxvfknrqnqv.huslcn,2021-12-17 00:00:00+00:00,below_min_samples_per_family,,,,,,,,True,False,True
527,13576c80ef50807a097311468decc3b5d09df9f20d62b9ec2bd77b1ff332451a,6.0,TeaBot,banker,,com.scannet.qrbar,2021-06-18 12:23:08+00:00,below_min_samples_per_family,,,,,,,,True,False,True
528,57770190d3bbd453328bc63cfaf72bc01038379cd852ab81b3ee985605fb3ece,129.0,Wroba,banker,,tlcpez.cqgoio.dztq.ksd.lpqs,2021-11-05 04:11:30+00:00,below_min_samples_per_family,,,,,,,,True,False,True
534,7f2248f5de8a74b3d1c48be0db574b1c6558d6edae347592b29dc5234337a5ff,5.0,SharkBot,banker,,com.sepqaflwh.atsgejqzuk,2022-08-21 18:40:50+00:00,below_min_samples_per_family,,,,,,,,True,False,True
538,977387f25f1fb008343ee39eabfe1420e69d1afdd1742c9d6b45e8782480d3ae,129.0,Wroba,banker,,na.qrbf.sf.sxwk.lzhps.bw.tav,2021-11-05 04:12:11+00:00,below_min_samples_per_family,,,,,,,,True,False,True
551,26d2555a2c73fd7f49ae1d5d335f4cc983e3fab3f564989dfc3262ee2355a2b9,5.0,SharkBot,banker,,com.kylhavy.antivirus,2022-09-05 08:36:48+00:00,below_min_samples_per_family,,,,,,,,True,False,True
562,2877b27f1b6c7db466351618dda4f05d6a15e9a26028f3fc064fa144ec3a1850,40.0,Xenomorph,banker,,com.spike.old,2022-07-18 00:00:00+00:00,below_min_samples_per_family,,,,,,,,True,False,True
575,010ff192c9e93accc92442b20747b38c3e83a8e5c0ac2a903ff1f5745a5017c3,7.0,Chameleon,banker,,com.assist.nice,2023-01-03 05:37:50+00:00,below_min_samples_per_family,,,,,,,,True,False,True
606,05782e267bd62de78a3db22b1a83ddd3c72cbef95f5a5bc9defdd42a4f5786ec,8.0,EventBot,banker,,com.example.eventbot,2020-03-19 17:04:04+00:00,below_min_samples_per_family,,,,,,,,True,False,True
688,141e37754fa555e45eabe99ee7c854ab2d9f8b8ad89a73376f72c703602e3d17,7.0,Chameleon,banker,,com.original.hen,2023-02-21 17:44:52+00:00,below_min_samples_per_family,,,,,,,,True,False,True
691,149ea4f0572f4b2888ed53540b88db67cdc4acd77ede8d7a8b9bb2d02fa8d0a3,7.0,Chameleon,banker,,com.vague.motor,2023-01-02 10:28:39+00:00,below_min_samples_per_family,,,,,,,,True,False,True
695,153410238d01773e5c705c6d18955793bd61cb2e82c5c7656e74563bb43b3ffa,7.0,Chameleon,banker,,com.top.omit,2023-06-27 00:00:00+00:00,below_min_samples_per_family,,,,,,,,True,False,True
711,187b9f5de09d82d2afbad9e139600617685095c26c4304aaf67a440338e0a9b6,5.0,SharkBot,banker,,com.pagnotto28.sellsourcecode.alpha,2022-03-07 00:30:06+00:00,below_min_samples_per_family,,,,,,,,True,False,True
723,199859a2929af5431df4a4760f93c83472dc21ea0b9e33d9e45439052de44ab3,8.0,EventBot,banker,,com.df45e8cdefec27b70bde.f0499512c3638cd6.af547afc4a5315e30418,2020-04-22 11:45:06+00:00,below_min_samples_per_family,,,,,,,,True,False,True
742,1cfce7df49ce5dc37d655d80481a3a6637d2e7daff09ceede9d8165fae0fce5f,8.0,EventBot,banker,,com.c9add49f.bdd9c4fd99e1ac88.e52f12637cda,2020-04-22 11:25:16+00:00,below_min_samples_per_family,,,,,,,,True,False,True
750,1e2cf6e77647a424dc3f290fd663e528e03de37133ae07742e597d35bc917841,7.0,Chameleon,banker,,com.edge.mutual,2023-01-01 14:04:38+00:00,below_min_samples_per_family,,,,,,,,True,False,True
768,20e8688726e843e9119b33be88ef642cb646f1163dce4109b8b8a2c792b5f9fc,5.0,SharkBot,banker,,com.abbondioendrizzi.tools.supercleaner,2022-03-04 05:18:10+00:00,below_min_samples_per_family,,,,,,,,True,False,True
769,2124777f710199d4051c9d67185dc4dbb55252d65b57642222eee444c5c06d88,18.0,SOVA,banker,,com.cngegvutkpq.fixfsdf.hdn,2021-10-28 13:42:36+00:00,below_min_samples_per_family,,,,,,,,True,False,True
770,214a576b46241bdf76bb4dbeacc7a456905eacd345fc515e0b38d6976c271168,40.0,Xenomorph,banker,,hdkjvi.looawt.fpfzys,2022-08-10 10:09:23+00:00,below_min_samples_per_family,,,,,,,,True,False,True
775,218c6e2327c8342192dc58c6e793fc3d5cba7f15e4b2f188c98cd4ba48bf244a,5.0,SharkBot,banker,,com.ltdevelopergroups.litecleaner.m,2022-09-13 13:19:15+00:00,below_min_samples_per_family,,,,,,,,True,False,True
813,259e88f593a3df5cf14924eec084d904877953c4a78ed4a2bc9660a2eaabb20b,40.0,Xenomorph,banker,,com.mtnyrvojt.qtbxtwjnq,2023-09-04 07:04:42+00:00,below_min_samples_per_family,,,,,,,,True,False,True
817,25e2a148a586acc6b741a64f42c618796a08ec9745eb3d1170acabf9e732a366,5.0,SharkBot,banker,,com.victorsoftice.llc,2022-11-10 00:01:02+00:00,below_min_samples_per_family,,,,,,,,True,False,True
870,2cc727c4249235f36bbc5024d5a5cb708c0f6d3659151afc5ae5d42d55212cb5,17.0,Ermac,banker,,com.kototomumeci.nacipiyi,2022-05-16 21:24:38+00:00,below_min_samples_per_family,,,,,,,,True,False,True
879,2de4f4757e641597145f698299cd85c219c2f1136964bea8a832e5488c4f4d01,18.0,SOVA,banker,,com.xie.nqahkpy.yvs,2021-09-13 16:08:48+00:00,below_min_samples_per_family,,,,,,,,True,False,True
884,2ea484422b59a2736a84d32148486bf2a356d698d8929423e3821e832b4c2c86,7.0,Chameleon,banker,,com.cement.bullet,2023-01-02 10:51:04+00:00,below_min_samples_per_family,,,,,,,,True,False,True
968,3a0bef0a6a2cdcd12312a1aef5857330a5bca74d035d180759b056d7d92133b1,18.0,SOVA,banker,,com.xihihc.lxbebsu.uws,2021-09-13 17:26:58+00:00,below_min_samples_per_family,,,,,,,,True,False,True
987,3c52c96c8c8bddb4ff2165c9f2ffdefba23532f1c2b24c03fcf8049c84d613b6,48.0,Coper,banker,,mepi.tkin423.wild,2024-04-23 00:00:00+00:00,below_min_samples_per_family,,,,,,,,True,False,True
996,3eb7efa71648ae819f1bff89399717805129487081e8261dd65bf596f2467054,18.0,SOVA,banker,,com.slhytrowb.wfxaicaiw,2022-05-23 12:13:19+00:00,below_min_samples_per_family,,,,,,,,True,False,True
1024,41cf4ca70cf52b6682303a629193da78ab00701da6aed5650b72015c056920da,8.0,EventBot,banker,,com.ea93c01d.e6afc54a374ebc.dc5a9e13,2020-04-22 11:30:26+00:00,below_min_samples_per_family,,,,,,,,True,False,True
1128,4f1822817690d89943e7e57468ab4366e360772c0adce67bf74a7224b3732dee,5.0,SharkBot,banker,,com.esqftazog8dbotp2fx.fihbgevw2svjeq0d,2021-11-18 08:16:48+00:00,below_min_samples_per_family,,,,,,,,True,False,True
1176,55884b3b0018b42e500c8ca427d8ae3b3174d9efca5aa57b34eb9202cb84913a,7.0,Chameleon,banker,,com.sing.tuna,2023-02-06 03:34:59+00:00,below_min_samples_per_family,,,,,,,,True,False,True
1264,60b0e7e09fe91aa785b85315aad3850e7f47f70a5aab7ae9ef31ad1c50477f55,7.0,Chameleon,banker,,com.loud.help,2023-01-02 10:51:01+00:00,below_min_samples_per_family,,,,,,,,True,False,True
1322,688055c2dcdb59d4539de378e3c0f39d4ccb03cab8203c8497ae5331b7067f9c,6.0,TeaBot,banker,,com.paccinisantino861.qrscanner,2021-12-17 12:39:18+00:00,below_min_samples_per_family,,,,,,,,True,False,True
1387,71c78101f7792fe879a082e323fed89c5e4a43132d01d3f79ed02afd8db45497,5.0,SharkBot,banker,,com.pagnotto28.sellsourcecode.alpha,2022-02-09 08:05:27+00:00,below_min_samples_per_family,,,,,,,,True,False,True
1390,724a56172f40177da76242ee169ac336b63d5df85889368d1531f593b658606b,18.0,SOVA,banker,,com.help.marine,2023-04-04 13:35:37+00:00,below_min_samples_per_family,,,,,,,,True,False,True
1446,78dfebb00200301f0bc1e246973166cda1d2cd51df0ac50ed3f29fd412eaaa3a,7.0,Chameleon,banker,,com.play.rapid,2022-12-27 16:58:17+00:00,below_min_samples_per_family,,,,,,,,True,False,True
1472,7c805f51ee3b2994e742d73954e51d7c2c24c76455b0b9a1b44d61cb4e280502,18.0,SOVA,banker,,com.bean.cousin,2022-08-12 20:27:29+00:00,below_min_samples_per_family,,,,,,,,True,False,True
1495,7f5b870ed1f286d8a08a1860d38ef4966d4e9754b2d42bf41d7511e1856cc990,6.0,TeaBot,banker,,video.fantasy.amount,2021-05-12 00:00:00+00:00,below_min_samples_per_family,,,,,,,,True,False,True
1513,81fda9ff99aec1b6f7b328652e330d304fb18ee74e0dbd0b759acb24e7523d8c,2.0,BlackRock,banker,,onpekpikylb.bcgdhxgzwd.dzlecjglpigjuc,2020-06-29 11:35:40+00:00,below_min_samples_per_family,,,,,,,,True,False,True
1556,88d3cb485f405a6cec9d14e9ee2865491855897bfc9a958c0e7c06485a074d02,40.0,Xenomorph,banker,,meritoriousness.mollah.presser,2023-02-14 13:31:41+00:00,below_min_samples_per_family,,,,,,,,True,False,True
1566,89e5746d0903777ef68582733c777b9ee53c42dc4d64187398e1131cccfc0599,6.0,TeaBot,banker,,trouble.canyon.van,2021-03-29 09:44:53+00:00,below_min_samples_per_family,,,,,,,,True,False,True
1583,8ba5f3c72ef0cc658dd832dbb1e1ffaf02d020a740847f93983b969d34a3281f,40.0,Xenomorph,banker,,com.warrior.merry,2023-03-07 02:46:51+00:00,below_min_samples_per_family,,,,,,,,True,False,True
1659,978f4a85f6a187ee9db157cbb0686ff830453c76bb832403784f11bfe340a630,40.0,Xenomorph,banker,,com.mhiauaqmlacl.ypmsfwbkjhsbeoz,2022-12-31 17:16:14+00:00,below_min_samples_per_family,,,,,,,,True,False,True
1697,9ce2ad40f3998860ca1ab21d97ea7346bf9d26ff867fc69c4d005c477c67a899,40.0,Xenomorph,banker,,com.great.calm,2023-02-16 20:26:02+00:00,below_min_samples_per_family,,,,,,,,True,False,True
1705,9dd56596bfabc9c717c3d6141354768dc396b2199e3f5301a2c037026b980703,7.0,Chameleon,banker,,com.combine.decrease,2023-01-03 05:54:07+00:00,below_min_samples_per_family,,,,,,,,True,False,True
1717,9f81ceb2c6b512402f9d7d0998a9e210a780fd51e494170186794d69bbddb642,48.0,Coper,banker,,node.al351.ex,2024-04-17 00:00:00+00:00,below_min_samples_per_family,,,,,,,,True,False,True
1797,ab345951a3e673aec99f80d39fa8f9cdb0d1ac07e0322dae3497c237f7b37277,40.0,Xenomorph,banker,,deceva.lgmihi.wtcozl,2022-08-09 12:56:57+00:00,below_min_samples_per_family,,,,,,,,True,False,True
1820,b01b74aaf249d0740f541c081c0c0de4bf455b4b68f2634fab6cf8aafcd95d52,18.0,SOVA,banker,,com.gdwicoopc.mlwmelkys,2022-08-12 18:07:40+00:00,below_min_samples_per_family,,,,,,,,True,False,True
1842,b2e592c5cf8ccc944c06a11ff156efdfa4233fe46e2281bab3fd238f03b505e3,18.0,SOVA,banker,,com.faax.kcnbvlo.dtojtuo,2021-07-12 00:00:00+00:00,below_min_samples_per_family,,,,,,,,True,False,True
1872,b67a102526766779119a6428b4e4ea6b94f7bb31eaec21cb82f96fb49524f604,48.0,Coper,banker,,,2021-08-02 15:07:38+00:00,below_min_samples_per_family,,,,,,,,True,False,True
1876,b6bfefa7eb25bef0c14d55dbb2e704df586c0e5d930023944db3eb4056f9b398,6.0,TeaBot,banker,,com.dbvtr.cjvch,2022-04-15 15:26:43+00:00,below_min_samples_per_family,,,,,,,,True,False,True
1880,b77adec6e50e884b03750944f41d539213d7cc1e9cadd86e76fa0cacf83ad9ed,1.0,Anubis,banker,,pet.error.flock,2020-12-05 08:55:50+00:00,below_min_samples_per_family,,,,,,,,True,False,True
1888,b86b23bc438d1c51549db5deae60cd4fec7f75e7d248f045b375321807cfb4c7,107.0,Piom,banker,,com.orchestra.watchdog,2022-12-19 17:06:36+00:00,below_min_samples_per_family,,,,,,,,True,False,True
1892,b90923c0e5149b068faa19ef5c77128edd6c477d91e2fca6c1c9ab4d5179fc8f,48.0,Coper,banker,,nuimer.li648.se,2024-05-09 00:00:00+00:00,below_min_samples_per_family,,,,,,,,True,False,True
1919,be125a98ba01f1bd318271b5de8114da139e5f78449ab3eb69c5aa4934026aed,7.0,Chameleon,banker,,com.amateur.ensure,2023-01-02 14:29:08+00:00,below_min_samples_per_family,,,,,,,,True,False,True
1924,bee3fc6b875e49edaa983ef9d38d0bcafe82abca82e684ef4fdca6df0c695c8b,5.0,SharkBot,banker,,com.tmqxfghsegbl9b3shaxdylqc.hykdpm2kjo,2021-11-12 16:56:34+00:00,below_min_samples_per_family,,,,,,,,True,False,True
1960,c3aaa52d55e9365c291298d2fc0197c22a95a00130646435ca724c5e4fdb2e93,40.0,Xenomorph,banker,,com.okgsy.dygsh002,2022-12-01 07:18:46+00:00,below_min_samples_per_family,,,,,,,,True,False,True
2002,ca172f8d36326fc0b6adef9ea98784fd216c319754c5fc47aa91fce336c7d79a,12.0,Marcher,banker,,com.xasefa.advanced,2025-02-18 00:00:00+00:00,below_min_samples_per_family,,,,,,,,True,False,True
2019,cb507f6a2406274b56150f56bb7ef7cfd88f79600768f25b4a7d5441ec987835,7.0,Chameleon,banker,,com.chuckle.define,2023-08-29 00:00:00+00:00,below_min_samples_per_family,,,,,,,,True,False,True
2053,d0998b3d87f5f507fad02668e07f1e428b860fbb8945a902705cd231d4d185da,40.0,Xenomorph,banker,,repechage.resells.preschool,2023-03-09 03:25:43+00:00,below_min_samples_per_family,,,,,,,,True,False,True
2058,d19811bbe14108877bf28918ecf4bc7b25d095edd87f9545294e0b7677721d47,7.0,Chameleon,banker,,com.thing.gasp,2023-01-01 15:30:55+00:00,below_min_samples_per_family,,,,,,,,True,False,True
2094,d65e0179d1d5039c98b433f63b75d7ee46c4cba97d4fae315e26c506cb118c6e,6.0,TeaBot,banker,,com.appandutilitytools.fileqrutility,2024-05-29 00:00:00+00:00,below_min_samples_per_family,,,,,,,,True,False,True
2146,dc9383a0fb77ca5f6d416dfe0945a6278741f928013f863b97ce159d09718a81,6.0,TeaBot,banker,,com.nfctnofxy.tmzcwkcjd,2024-05-29 00:00:00+00:00,below_min_samples_per_family,,,,,,,,True,False,True
2153,dd8a5a1a8632d661f152f435b7afba825e474ec0d03d1c5ef8669fdc2b484165,18.0,SOVA,banker,,com.clqg.sbtkqsb.ixrooga,2021-09-10 00:00:00+00:00,below_min_samples_per_family,,,,,,,,True,False,True
2157,ddc65d96a0022ed640bdbe174582e337218fd4f7114254504952e5bb94ea1851,48.0,Coper,banker,,cropim.an669.ga,2024-04-11 00:00:00+00:00,below_min_samples_per_family,,,,,,,,True,False,True
2168,df298b0aba5aad2886ae720577557b3e48fba905055dcee0fd74336660bfd0a2,17.0,Ermac,banker,,com.kototomumeci.nacipiyi,2022-05-23 11:06:51+00:00,below_min_samples_per_family,,,,,,,,True,False,True
2247,ea4960b84756fd82fe43cb2cffdbe464df6dd4d48aa10d1cefe38aa8ac6eb44d,40.0,Xenomorph,banker,,com.degree.enough,2022-09-24 18:24:01+00:00,below_min_samples_per_family,,,,,,,,True,False,True
2269,ecc2807e8038a7bf3e899041ed0dcd4e3d970175a0418165db105368f40ecd1a,48.0,Coper,banker,,,2021-07-23 13:15:41+00:00,below_min_samples_per_family,,,,,,,,True,False,True
2271,ecf9c14c2132346cc390c84f9d2d5650f56959a549bec37557a6424e516c61e3,8.0,EventBot,banker,,com.ea81a98ec2.e07d414f8bedfa5cb7.bb7597834aaa,2020-04-22 11:30:15+00:00,below_min_samples_per_family,,,,,,,,True,False,True
2282,edbef1be12821b7bcf37476dbd06e03171926c4c85791540d1e0385cfde53e4b,48.0,Coper,banker,,riazei.do565.talk,2024-05-01 00:00:00+00:00,below_min_samples_per_family,,,,,,,,True,False,True
2291,ef0785dcdfe4fff99dc79bd89f1d1c2b207e67cb8fe6940127dd655ec202a770,7.0,Chameleon,banker,,com.feed.ridge,2023-01-03 05:54:09+00:00,below_min_samples_per_family,,,,,,,,True,False,True
2300,f03890836a2879d72fe58b8671fbb9ff04aafcd9474e3bc314f9a7a63cc05f34,7.0,Chameleon,banker,,com.breeze.broom,2022-12-28 03:09:58+00:00,below_min_samples_per_family,,,,,,,,True,False,True
2325,f4d18662c927380a2d30eba367fafd3746fa137df499cb50d49e591a420aa95d,17.0,Ermac,banker,,com.sdblokpzz.epfbyuxgx,2022-06-09 00:00:00+00:00,below_min_samples_per_family,,,,,,,,True,False,True
2365,fa3d959e53d163d39c62c3f3bb2351411296fc2d6d85f5d75e04ef5255d9eded,7.0,Chameleon,banker,,com.sure.dial,2023-01-03 15:54:15+00:00,below_min_samples_per_family,,,,,,,,True,False,True
2368,fa7947933a3561b7174f1d94472dcf8633a03749c14342ce65dafe94db361140,5.0,SharkBot,banker,,com.ltdevelopergroups.litecleaner.m,2022-11-23 08:15:46+00:00,below_min_samples_per_family,,,,,,,,True,False,True
2378,fbaf785edfafa583ea61884d88f507a27154892a394e27d81102f79fe7eb5b8f,2.0,BlackRock,banker,,ezmjhdiumgiyhfjdp.bjucshsqxhkigwyqqma.gqncehdcknrtcekingi,2020-06-26 11:40:30+00:00,below_min_samples_per_family,,,,,,,,True,False,True
10053,02499a198a8be5e203b7929287115cc84d286fc6afdb1bc84f902e433a7961e4,48.0,Coper,banker,,com.qrdscannerratedx,2022-07-19 09:04:15+00:00,below_min_samples_per_family,,,,,,,,True,False,True
13360,392272ef515d2f60f2c058675d637bf63a265800b8e4613ed9f72eeb8ebb323d,86.0,RewardSteal,banker,,,2026-01-03 11:43:39+00:00,outside_time_window,,,,,,,,True,False,True
13364,d0e684dedd320a8b1838dab6c94e97384058fb18b831ceb3f479aea849d83811,1.0,Anubis,banker,,bdlxtspya.heihqyeizynsrdfg.tpqlhhugp,2020-07-02 00:00:00+00:00,below_min_samples_per_family,,,,,,,,True,False,True
13366,d4212439e709b6d3f363fecea26e71a6496011a776986698fe34e05bd3766ac4,1.0,Anubis,banker,,com.tencent.mm,2022-10-04 12:38:16+00:00,below_min_samples_per_family,,,,,,,,True,False,True
14944,610ebf1037134ef4be64c44846428e71ce30b51aa13a14c459f978531f09722c,34.0,Octo,banker,,com.watchandlr,2022-11-24 00:50:18+00:00,below_min_samples_per_family,,,,,,,,True,False,True
14946,6f1eb9c21b026eecfd65459ec4cffe3954d24619010741e18722108d7bacf3d1,5.0,SharkBot,banker,,com.sidalistudio.developer.app,2022-11-22 00:44:32+00:00,below_min_samples_per_family,,,,,,,,True,False,True
14948,844efceeeeff73da35ac13c217ad5723c456ecec01fada7f92b9203fc29e7dcd,5.0,SharkBot,banker,,com.sidalistudio.developer.app,2022-09-13 13:18:20+00:00,below_min_samples_per_family,,,,,,,,True,False,True
14966,8127c09ea8b0e40aa49f9f1cbf52be0ed7323720792a528d4e12746b91f9766b,36.0,SpyNote,rat,,,2026-01-04 14:31:43+00:00,outside_time_window,,,,,,,,True,False,True
14989,bac8753a8b07936d86a544d536bd857b427994fb614d39e1163989a93097ebb6,50.0,TangleBot,spyware,,,2026-01-02 13:01:25+00:00,outside_time_window,,,,,,,,True,False,True
15222,b8ea74902684dcced62a5ca2c1d6932659decfefcbdb2615bfe5899e05eb1451,7.0,Chameleon,banker,,com.stub,2024-07-24 14:52:43+00:00,below_min_samples_per_family,,,,,,,,True,False,True
15252,d0279f6afa15e29234f752229e9b91312fc118f1c73971a2042e163d586c3792,17.0,Ermac,banker,,com.jakedegivuwuwe.yewo,2024-02-17 16:07:52+00:00,below_min_samples_per_family,,,,,,,,True,False,True
15254,7a4238fc6f5d3c7731c2eb33911298eaa36986040858af56e76628c5dc83e265,17.0,Ermac,banker,,nusku.ermacv2.apk,2024-06-27 17:23:02+00:00,below_min_samples_per_family,,,,,,,,True,False,True
15256,4ccf02c87de6c0bf718d9f8cdf6c61a9edc909fab1cdd7d497572e30fea1f580,17.0,Ermac,banker,,com.heruhifosexowe.piwi,2022-12-02 11:06:00+00:00,below_min_samples_per_family,,,,,,,,True,False,True
15258,ea832ffd966341b068065875ce11cd5f3021487475947322ec8cc93af6f6f4f9,17.0,Ermac,banker,,com.yakiminamodalixe.yeki,2022-12-02 11:05:58+00:00,below_min_samples_per_family,,,,,,,,True,False,True
15260,b5b523c1244ebfb5aa3531945479ac078e376e1f417b3f60ba5a502e54783d56,17.0,Ermac,banker,,,2022-12-13 18:32:14+00:00,below_min_samples_per_family,,,,,,,,True,False,True
15262,3abe643e901859b9148b124a1556ab531dfe1e37fa8413500b6caddd0382307f,17.0,Ermac,banker,,com.ziroyotebufobi.rapugo,2022-12-02 11:05:57+00:00,below_min_samples_per_family,,,,,,,,True,False,True
15264,f4ebdcef8643dbffe8de312cb47c1f94118e6481a4faf4166badfd98a0a9c5d3,17.0,Ermac,banker,,com.baresucuvuzefa.feyi,2022-10-19 08:34:09+00:00,below_min_samples_per_family,,,,,,,,True,False,True
15266,739d83c8ca63e674d56bc4c6024eac790d66d460c27437f47009fed834d47feb,17.0,Ermac,banker,,com.majosiwuxexeku.poniva,2022-07-20 07:08:20+00:00,below_min_samples_per_family,,,,,,,,True,False,True
15268,72db4b6b4d90f66c099e4366c91cabc076d4ba5968abd163a9b61f9c9ea288cc,17.0,Ermac,banker,,com.yuvutitoyece.kevara,2022-07-12 02:57:12+00:00,below_min_samples_per_family,,,,,,,,True,False,True
15270,e726697d7f682a6b2be61ae887b80275ca124da0350020ead46c52781bd22e39,17.0,Ermac,banker,,com.dakerebutisi.lozaji,2022-07-12 11:25:39+00:00,below_min_samples_per_family,,,,,,,,True,False,True
15272,a4874ebfe480449a897f86c87a490fbc4c2276d5bad4ff92bc93e2e8ae8efc66,17.0,Ermac,banker,,com.mazocexayori.kute,2022-05-09 10:33:29+00:00,below_min_samples_per_family,,,,,,,,True,False,True
15274,fa0eb78eda4edce77d74a3752a4d06faf1066e8afe4bfe238cea14344584e5e8,17.0,Ermac,banker,,com.mazocexayori.kute,2022-05-02 11:33:30+00:00,below_min_samples_per_family,,,,,,,,True,False,True
15276,0dc975df4f929ed0422fb5c9a9582d3d5e11ab176cc3176e269b2a456d48d571,17.0,Ermac,banker,,com.mazocexayori.kute,2022-05-03 08:30:16+00:00,below_min_samples_per_family,,,,,,,,True,False,True
15553,3a12faa17974d04606c3479854d8df95261dfffa46e5262c8e8e275ca11b514f,129.0,Wroba,banker,,wtg.kmu.hzg.ktmkbg,2021-11-05 04:12:40+00:00,below_min_samples_per_family,,,,,,,,True,False,True
15554,1e41a9f204ed3bf567eb955f9dae119213cdf4fa3c6dacaa9bb21e95dace021f,129.0,Wroba,banker,,rhkke.fjyt.nbz.fryey,2021-11-18 05:25:13+00:00,below_min_samples_per_family,,,,,,,,True,False,True
15555,2e8b278dc2bfcce5d043f0846a34bf92dccedbd58b8b17152ebffb18a341655f,129.0,Wroba,banker,,yutlwa.gn.lpo.bltkv,2021-11-05 04:12:26+00:00,below_min_samples_per_family,,,,,,,,True,False,True
15556,485f7547ba30886b5a771e3df105665772d5ff3872b4683bcb3dea8ee2aca2c9,129.0,Wroba,banker,,oiami.ywtu.qlaj.ojpoc.jzr.xhdd,2021-11-05 04:12:52+00:00,below_min_samples_per_family,,,,,,,,True,False,True
15557,30bdf42374a5bb6a83be08f9667e0a9395e411f911dab08d9c0814d30fb0e260,129.0,Wroba,banker,,dbsdlx.ubbt.cplua.lsund,2021-11-05 04:11:53+00:00,below_min_samples_per_family,,,,,,,,True,False,True
15558,919e6daae2ff6348006f22e9ecc040198d9d49d6156e00ddbbffcb1342e6bbd4,47.0,RoamingMantis,banker,,com.xpav.qmgj,2020-08-12 00:00:00+00:00,below_min_samples_per_family,,,,,,,,True,False,True
15559,b70c60456d1a6cf5ea71355ece42e170bec28289a6f3bb6c57fbf068a89a197e,129.0,Wroba,banker,,zhu.wei.mai.lai,2020-01-14 03:51:14+00:00,below_min_samples_per_family,,,,,,,,True,False,True
15572,4cfeb0169a27990ef25ea453ec31268f7885e025783898e97543cb98e2e26121,129.0,Wroba,banker,,rtysd.edfsat.fsg,2025-02-11 00:00:00+00:00,below_min_samples_per_family,,,,,,,,True,False,True
15575,c65318aa58c9091b938948b62c4b5d6e47237697d8d2f96863f99ef177b6818d,129.0,Wroba,banker,,ghd.et.hds,2025-02-11 00:00:00+00:00,below_min_samples_per_family,,,,,,,,True,False,True
15577,7595c97eb7f2ff4da237746cdac7992df6a4963dcf2f96c9ae19f7a2dc8c88f7,129.0,Wroba,banker,,rdsysd.edfdsat.fsg,2025-02-11 00:00:00+00:00,below_min_samples_per_family,,,,,,,,True,False,True
15578,7e49b7c6ed359b4e910e8d4d2c9436d99cddeb7f9af2e2f1082d0ca45d469566,129.0,Wroba,banker,,jfgh.rtw.ghm,2025-02-11 00:00:00+00:00,below_min_samples_per_family,,,,,,,,True,False,True
15582,dcdcacafacb1f8a9474ff714dd418e0104e854b87ad07220ce5e4564568ce997,62.0,BRATA,banker,,com.vivointernetgratis,2022-11-29 00:00:00+00:00,below_min_samples_per_family,,,,,,,,True,False,True
15583,5395936963df4d72b365fd30ab52a00a88f8a5f75336ba84ac8a9fc369e0f811,47.0,RoamingMantis,banker,,com.waatt25,2022-11-29 00:00:00+00:00,below_min_samples_per_family,,,,,,,,True,False,True
15584,b64123e4ff92cd7be104b21ca0deaefd89e8270572746c61efc3e7cd05999b5d,62.0,BRATA,banker,,com.wac2ef,2022-11-29 00:00:00+00:00,below_min_samples_per_family,,,,,,,,True,False,True
20323,070640095c935c245f960e4e2e3e93720dd57465c81fa9c72426ee008c627bf3,32.0,Albiriox,banker,,,2025-12-02 00:00:00+00:00,below_min_samples_per_family,,,,,,,,True,False,True
20324,5e14181839816bbb4b55badc91f29d382e8d6f603eec2ed8f8b731c35def6b59,32.0,Albiriox,banker,,,2025-12-02 00:00:00+00:00,below_min_samples_per_family,,,,,,,,True,False,True
20325,630b047722d553495def3b8e744f2f621209e1a77389c09a9a972eeb243f9ed8,32.0,Albiriox,banker,,,2025-12-02 00:00:00+00:00,below_min_samples_per_family,,,,,,,,True,False,True
20326,a0c9d6eb1932c96a11301c00cf96ce9767fb11401e090f215f972df06b09a878,32.0,Albiriox,banker,,com.nmz.nmz,2025-12-02 00:00:00+00:00,below_min_samples_per_family,,,,,,,,True,False,True
20327,3269a0116ce0915afdd32e8d87b05ae9f5c00fcf0a6729add39a6a87aaf30089,32.0,Albiriox,banker,,,2025-12-10 10:57:43+00:00,below_min_samples_per_family,,,,,,,,True,False,True
20328,d076268a34eb62ba17aaf3cfb244998bd3a1a9a4c1ca98d21944d94da30f42a8,33.0,PromptSpy,spyware,,com.morganarg.appupdate,2026-02-19 00:00:00+00:00,outside_time_window,,,,,,,,True,False,True
20330,468eed1131e4b562ae32ff2734d9feb37c9b8e2097df05431867279614c8502a,33.0,PromptSpy,spyware,,com.morganarg.appupdate,2026-02-19 00:00:00+00:00,outside_time_window,,,,,,,,True,False,True
20332,db7a1c352c7d1ac75e0ba31b71cf4b0e3304a22b8d0d636fa80b5d5095be1e00,33.0,PromptSpy,spyware,,net.ustexas.ami,2026-02-19 00:00:00+00:00,outside_time_window,,,,,,,,True,False,True
20334,4ee3b09dd9a787ebbb02a637f8af192a7e91d4b7af1515d8e5c21e1233f0f1c7,33.0,PromptSpy,spyware,,com.morganarg.appupdate,2026-02-19 00:00:00+00:00,outside_time_window,,,,,,,,True,False,True
20336,b420b96e0d76702f51ba0e3364da881aaf766e00538059e58fec6b7676a68e6c,33.0,PromptSpy,spyware,,nlll4.un7o6.q38l5,2026-02-19 00:00:00+00:00,outside_time_window,,,,,,,,True,False,True
20338,11f5c91d24c9d1eee16dacacfb9160e299544c1a854af92f79daf88364cea0b6,33.0,PromptSpy,spyware,,net.ustexas.myavlive,2026-02-19 00:00:00+00:00,outside_time_window,,,,,,,,True,False,True
20340,4284e6bbc2fc274d8b0a1f37f91408efc0404e4cae0ba28abc4d583bc59af6bd,19.0,TrickMo,banker,,net.dress.absorb,2026-02-09 12:38:40+00:00,outside_time_window,,,,,,,,True,False,True
20342,6eb525100f54b9a830cd2d0f1169b053edb55332b2be73dd29a8b165b9ccdbf5,19.0,TrickMo,banker,,semplo.ic327.skin,2026-01-13 13:02:11+00:00,outside_time_window,,,,,,,,True,False,True
20344,0e69f3d10ba88974c47a9ce83a095a29e9ac3de66b0441db60624fbe0772f6c3,19.0,TrickMo,banker,,,2026-01-04 03:01:29+00:00,outside_time_window,,,,,,,,True,False,True
20354,d17d2f0ab340d52c83e59d3d7d6636d92e15f23a9a70b4f402c5af54cfc291af,86.0,RewardSteal,banker,,,2026-01-03 14:01:54+00:00,outside_time_window,,,,,,,,True,False,True
20380,33ece8395604682f2c428a5b7a11e562b836f44f7b6fbb0caaa84bfa80d0c8ff,48.0,Coper,banker,,com.wreck.chef,2025-05-02 08:02:15+00:00,below_min_samples_per_family,,,,,,,,True,False,True
20382,73aef1d852c9c4001b1a7db673e03417d30f489e56db5813a8757866c2641028,48.0,Coper,banker,,com.lessfire68,2026-02-03 06:57:39+00:00,outside_time_window,,,,,,,,True,False,True
20384,9a1ac04b85cc6f35cd83382f258254556a37f1fc314020dbecbde033caa00a8d,48.0,Coper,banker,,com.callfrom29,2026-02-03 07:17:14+00:00,outside_time_window,,,,,,,,True,False,True
20386,faa774978f43368357f553a1e45a2f9465fcfa50c6c09dbf6004304db03bc641,48.0,Coper,banker,,com.morningriver8,2026-02-03 07:17:10+00:00,outside_time_window,,,,,,,,True,False,True
20388,dbcf1e78a34e742832a2dbe46eec985ede3ff659c7f5801611c3b22b5a5cd379,48.0,Coper,banker,,com.soongrowy,2026-02-03 07:16:22+00:00,outside_time_window,,,,,,,,True,False,True
20390,90ac64358498e62a5718e92d9ede7c7e0fb30aa39c6cc94d4ac38010208cc255,48.0,Coper,banker,,com.selfwoodk,2026-02-03 07:16:04+00:00,outside_time_window,,,,,,,,True,False,True
20392,bae41a16babbac0bcf8280bf6a60c78331bfaf50b0b5c31cf6c55ac29c5c7c4a,48.0,Coper,banker,,com.wayeyejx,2026-02-03 07:13:04+00:00,outside_time_window,,,,,,,,True,False,True
20394,8c7dbb2080f2b862026b2d755cb01c4b484c357c7aa5e053398ee6fe497c6374,48.0,Coper,banker,,com.freeface72,2026-02-03 07:13:14+00:00,outside_time_window,,,,,,,,True,False,True
20396,6ec479136b4fb6809638e874d9d606f6d4b1f44a686f61954bb6883d548333fa,48.0,Coper,banker,,com.hardten1,2026-02-03 07:14:29+00:00,outside_time_window,,,,,,,,True,False,True
20398,88d598aa4b9272f14913d42937586992d0a5e35e656ca315e33ecaa81628f04c,48.0,Coper,banker,,com.colordo8,2026-02-03 07:14:33+00:00,outside_time_window,,,,,,,,True,False,True
20400,e104e343d5d6db290a76ac90d19917ff88d000bd891be7b9cdab1eb66525f8ea,48.0,Coper,banker,,com.ohourihe,2026-02-03 07:14:37+00:00,outside_time_window,,,,,,,,True,False,True
20402,76798397118c81edf2ef4588a60578a8700017afb98b040657b39cccdbe30009,48.0,Coper,banker,,com.rulebook90,2026-02-03 07:05:59+00:00,outside_time_window,,,,,,,,True,False,True
20404,a126d643c83163c3cf7830de9cf2fc11b6b1eca77e10e0ce48e9e2edaaf2425e,48.0,Coper,banker,,com.lowcouldjr,2026-02-03 07:13:37+00:00,outside_time_window,,,,,,,,True,False,True
20406,b7273b4a1b2d2a968a890f363e256d6d6b8fdda6a63280e673262f221c76a1fc,48.0,Coper,banker,,com.lookbedrn,2026-02-03 07:13:22+00:00,outside_time_window,,,,,,,,True,False,True
20408,3434bad9d01dad7ad4e7525a3936c527376699e3505e70171b083c1226f0e90c,48.0,Coper,banker,,com.longthese3,2026-02-03 07:11:10+00:00,outside_time_window,,,,,,,,True,False,True
20410,80448bc12448336f023d890b29ebf2a854f325ad010aa05d2f632870be9c8677,48.0,Coper,banker,,com.greatlet3,2026-02-03 07:06:23+00:00,outside_time_window,,,,,,,,True,False,True
20412,5f6016b9bcaf98d2276187b7ef74a1662bd7e21e610ebed2b2ce5a7aea799600,48.0,Coper,banker,,com.statedown68,2026-02-03 07:03:56+00:00,outside_time_window,,,,,,,,True,False,True
20414,44ce621f601a8c68f8984324e2883cb431adcae410a60a36f6f252ad5d0fd467,48.0,Coper,banker,,com.lotas2,2026-02-03 07:11:48+00:00,outside_time_window,,,,,,,,True,False,True
20416,97886afc752048f8d8044120044ac7396e50b78b74b7e0077b8881b4eee7da6a,48.0,Coper,banker,,com.soundpass9,2026-02-03 07:11:52+00:00,outside_time_window,,,,,,,,True,False,True
20418,5a2306804771a975f692d6cc1cbaf06af1b86273301b3af8069f4d36a27d3866,48.0,Coper,banker,,com.whomotherxf,2026-02-03 07:11:56+00:00,outside_time_window,,,,,,,,True,False,True
20420,44612fabf9a13d78f845f0932c6f332647684c8017f5a8410ec24b483a186e27,48.0,Coper,banker,,com.inchage62,2026-02-03 07:11:05+00:00,outside_time_window,,,,,,,,True,False,True
20422,fcf61a8a80a61ffb6c29ae60f334cbb9d9054026576a873b9d1a71013c8d0737,48.0,Coper,banker,,com.familystateguhp,2026-02-03 07:10:45+00:00,outside_time_window,,,,,,,,True,False,True
20424,a4fd3292b7bc5800f8d9b3a3e4c6a757daeb0800cae762cf2294012cee5604f5,48.0,Coper,banker,,com.mountainkind97,2026-01-28 18:45:10+00:00,outside_time_window,,,,,,,,True,False,True
20426,0027c816cc740251e8f2d271cbaf7397706a1db07cc14b842d962fee8991daf6,48.0,Coper,banker,,com.possiblefound63,2026-01-29 14:35:15+00:00,outside_time_window,,,,,,,,True,False,True
20428,55c111e642c6aebcb75fc9db89def8adcd73ae1d5eb6b11b7c8dc590d14d0804,48.0,Coper,banker,,,2025-08-13 18:24:03+00:00,below_min_samples_per_family,,,,,,,,True,False,True
20430,02cd74a277a19ef59375d44e6111c5c887a2dd2313a2a7129c98e5967dc69ecc,48.0,Coper,banker,,com.sgakagak.agakagabs,2025-12-30 12:21:14+00:00,below_min_samples_per_family,,,,,,,,True,False,True
20432,b89c57f8781f121938b50631295f96ddf25f18616dcfb4862a7a87a61f0bf7ad,48.0,Coper,banker,,com.bestsincelbm,2025-12-03 12:51:58+00:00,below_min_samples_per_family,,,,,,,,True,False,True
20434,144cb58badccd0d201ef6b9befef75f7a2860cf6b978b14d9acf9b77a6a3fdfb,34.0,Octo,banker,,com.standhave03,2023-02-09 00:00:00+00:00,below_min_samples_per_family,,,,,,,,True,False,True
20436,45dbfe5c6e12786ec990276f88c3650c2aaa7776a2304813397f193660365413,34.0,Octo,banker,,com.gavetopydw,2023-02-09 00:00:00+00:00,below_min_samples_per_family,,,,,,,,True,False,True
20438,201247484840a2db692f6f3011312e0b1ff74d31c55ac23f71d149b8c6f0e2b3,34.0,Octo,banker,,com.freeroad11,2023-01-27 15:40:39+00:00,below_min_samples_per_family,,,,,,,,True,False,True
20440,846a04a5a04dad7129abe56d82b0578d4e2af6d6f73cfdf9de364c001d00c24d,34.0,Octo,banker,,com.riverfront8,2023-09-25 19:17:31+00:00,below_min_samples_per_family,,,,,,,,True,False,True
20442,5ad51d421227bc9976e9e9cdb9c37b6461a82e60efe0591a7a7014ec8e1f0379,34.0,Octo,banker,,com.broughtbluea,2023-11-29 22:15:29+00:00,below_min_samples_per_family,,,,,,,,True,False,True
20444,0a2f1bdec6df99d0de397ffdd63f1c89341b7bd53fa4dd5868e567109fdd507f,34.0,Octo,banker,,com.portnight,2023-12-26 19:45:34+00:00,below_min_samples_per_family,,,,,,,,True,False,True
20446,ca3da13d69ce07ed9b31314f2404f9c6a2235067406b545d7b00517258cee9d6,34.0,Octo,banker,,com.atlotzowj,2024-07-23 13:19:24+00:00,below_min_samples_per_family,,,,,,,,True,False,True
20448,795b279f312a773f7f556a978387f1b682f93470db4c1b5f9cd6ca2cab1399b6,107.0,Piom,banker,,com.vijz.kvqwjfq.ikqzrej,2021-09-10 07:11:39+00:00,below_min_samples_per_family,,,,,,,,True,False,True
20450,1981394e719bdfd9e29d57386d8ca05ceecc2ddd31f658255c068d6963df17c1,1.0,Anubis,banker,,com.kghlbqvf.kcanlzw.ksy,2021-10-06 17:17:03+00:00,below_min_samples_per_family,,,,,,,,True,False,True
20452,6f7e57ed7239905fafc3947160b5fc89ad615772d2a694299999d2fe080453f4,18.0,SOVA,banker,,com.armed.little,2023-02-20 05:01:55+00:00,below_min_samples_per_family,,,,,,,,True,False,True
20454,bbaf483c2b6f67f22eb6e1fa00f200e9c1e201b0110070acaefd416cf846b1aa,18.0,SOVA,banker,,com.crop.horse,2023-03-07 17:01:40+00:00,below_min_samples_per_family,,,,,,,,True,False,True
20456,15eae9134dac9268cbf005c23299c88dd5c5176a240201da751691a543375360,18.0,SOVA,banker,,com.civil.concert,2023-03-07 15:08:40+00:00,below_min_samples_per_family,,,,,,,,True,False,True
20458,ec5b083c017570f846f6925b7c79d9e5886525a9b7ba7e514dabad0325c0af5e,18.0,SOVA,banker,,com.royal.bottom,2023-03-12 07:39:07+00:00,below_min_samples_per_family,,,,,,,,True,False,True
20460,f3fc80a8793e60a901da44b9ab315931699e64a4f3eddb8aba839fe860de46dc,18.0,SOVA,banker,,com.card.gift,2023-03-12 08:49:38+00:00,below_min_samples_per_family,,,,,,,,True,False,True
20462,e6e736df1923c47f6624dab18bf6a341995b5e756395256aa0b3f4c43594481a,8.0,EventBot,banker,,com.cff4fcb7fa3ebdc13f.c8b4069c84dcba20f7,2021-02-10 12:37:21+00:00,below_min_samples_per_family,,,,,,,,True,False,True
20506,f4bbe4ba4d356d58894e479edf628ece3e3928d10e7c699d3cba0ce2ecf6613b,50.0,TangleBot,spyware,,,2025-09-13 08:29:45+00:00,below_min_samples_per_family,,,,,,,,True,False,True
20508,85f9dcf4e31a43ac871c044ae1c209dc26ef2499a02edfe7225b885e0c312036,50.0,TangleBot,spyware,,Com.dhnpayopremnhipayo.bedluckorgoodbut.imstillherebutdrunkerman.afosshprkikru.janbakakhah.bhaitusmjhaokharmfulmathonede.plz.bhai.plz.dsti,2025-09-03 10:36:46+00:00,below_min_samples_per_family,,,,,,,,True,False,True
20512,f633b69b4028f9cde42c72b796d3cafb525d935b9ab71a68cc4e74993de7fa03,50.0,TangleBot,spyware,,com.verify.weirdnp,2025-08-07 20:28:18+00:00,below_min_samples_per_family,,,,,,,,True,False,True
20520,4ce84f4efe623a11b395038c8e324e2d744cc53c7aefcb33243bc3f0bba4b64d,50.0,TangleBot,spyware,,com.google.installer,2025-08-07 20:19:16+00:00,below_min_samples_per_family,,,,,,,,True,False,True
20522,d5d9b9fd3a6c5a9f44ce9ee46a32822f3e9261f4df68466fae809d58fa58a1d7,50.0,TangleBot,spyware,,com.dzxxxsofywodwzv.arhxorhznuds,2024-10-21 07:13:28+00:00,below_min_samples_per_family,,,,,,,,True,False,True
20524,bf781f7d66a8ced4929674ea81a87c814f617ef677301b5ee4b4d32c04287b68,50.0,TangleBot,spyware,,com.wrap.false,2025-05-02 05:50:07+00:00,below_min_samples_per_family,,,,,,,,True,False,True
20532,af4affff0dbdbac580b4a7b20780d41b1b7d6d1d61f9e1569b57be0f08998f8b,50.0,TangleBot,spyware,,,2025-04-08 13:07:04+00:00,below_min_samples_per_family,,,,,,,,True,False,True
20536,e95247c166a526f2bebd038ad8e583aebd59c5f212f4f5856b9164eebd07335b,50.0,TangleBot,spyware,,com.install.apk,2025-02-06 08:17:01+00:00,below_min_samples_per_family,,,,,,,,True,False,True
20538,752ac24697f9581e90655bc03fde742ea70aba5ee831ac8bbee113df3b1cab6e,50.0,TangleBot,spyware,,llop.mmyp.ddgy,2025-02-01 16:36:09+00:00,below_min_samples_per_family,,,,,,,,True,False,True
20540,7badeb43e25c4bc7772b4e62d97a7bffc84a02b8f50ea83e8ab8acb598a20bad,50.0,TangleBot,spyware,,tnt.tntn.tntnn,2025-01-27 10:51:28+00:00,below_min_samples_per_family,,,,,,,,True,False,True
20542,6098a436094f1e3e8721fb87ff36781a1a283711cc0388f608723a18132607c4,50.0,TangleBot,spyware,,la.ronilart.popmpa,2023-10-11 00:32:41+00:00,below_min_samples_per_family,,,,,,,,True,False,True
20544,34670aa23c3e50240fab2f820652f3f5d6eabf7177c6d6d4bba6c39a7b11aff9,36.0,SpyNote,rat,,dtlaxmiguptaclasses.in.net,2026-02-03 12:01:11+00:00,outside_time_window,,,,,,,,True,False,True
20546,d19edfbc70474a76b2dd6d8d0e844404f7b4c364c2278a6a668159e83310598a,36.0,SpyNote,rat,,com.serter.penerle,2026-01-01 00:00:00+00:00,outside_time_window,,,,,,,,True,False,True
20548,02944967154e515f87bb411641edd9931ea6b4a4088ab73efe87cbe7b9d5b592,36.0,SpyNote,rat,,com.fees.claim,2026-01-01 12:17:19+00:00,outside_time_window,,,,,,,,True,False,True
20596,41c84420a3c42f854dab18df1edf7ef283e60a2bf5a6a9b608bc6c7a1cf8d41e,165.0,BrowBot,banker,,com.kiwi.exejvdjxcl,2025-06-17 08:08:56+00:00,below_min_samples_per_family,,,,,,,,True,False,True
20600,d501b5fa51370043e858932e895a2ceefb17f69ba12cde70eb4062bf3af522e8,144.0,Mamont,banker,,com.example.application,2024-11-15 15:02:03+00:00,below_min_samples_per_family,,,,,,,,True,False,True
20608,176de2fc14fc8ef65d50f9f806ed9ab094cf4478183f5af3d410df2983dcae85,72.0,Triada,backdoor,,com.whatsappplus,2023-12-12 23:05:01+00:00,below_min_samples_per_family,,,,,,,,True,False,True
20622,1af76b536dcfcf64ad2bcaf13f4760a61588174633a2ad5e64f3d83c6e3b365d,107.0,Piom,banker,,com.ggyydx.cointree,2022-09-02 06:38:13+00:00,below_min_samples_per_family,,,,,,,,True,False,True
20624,39413b2215f225da68530fa312b08f566a7bd64e55fac70d81eefe8e5cfa6ee4,107.0,Piom,banker,,com.ggyydx.cointree,2022-09-03 00:00:00+00:00,below_min_samples_per_family,,,,,,,,True,False,True
20632,486d6a713d8c907df70a919729ac685328ab91a8977c2e352165640c4bd4d507,111.0,UBEL,banker,,hrevxqea.hgistuqw,2021-10-21 00:00:00+00:00,below_min_samples_per_family,,,,,,,,True,False,True
